income,age,num_loans,credit_history_years,late_payments,debt,monthly_expenses,savings,employment_years,home_owner,married,education_level,debt_to_income,target
59934,50,1,21,1,2123,22274,15923,18,0,0,1,0.035,1
47234,51,0,22,0,20770,14784,0,18,0,0,1,0.44,1
62953,58,0,18,1,19139,26347,3757,22,1,1,1,0.304,1
80460,31,0,2,0,15520,55283,16803,10,0,0,1,0.193,1
45316,55,3,0,2,24452,19033,5440,20,0,1,1,0.54,0
45317,28,2,3,1,15404,30115,12176,33,0,1,2,0.34,0
81584,23,1,17,1,8585,34751,9711,38,0,0,0,0.105,1
65348,34,2,7,4,16110,32520,23002,6,0,0,1,0.247,0
40610,33,2,18,0,0,32146,16593,26,0,0,2,0.0,1
60851,65,1,22,1,22352,25703,9276,22,0,0,1,0.367,1
40731,52,0,22,1,25418,19884,10268,37,0,1,2,0.624,1
40685,54,0,24,4,7120,18330,0,19,0,1,0,0.175,1
54839,65,0,5,0,4265,19457,32010,26,0,1,0,0.078,1
11734,39,1,0,0,7562,6394,54433,7,1,0,2,0.644,0
15501,58,3,7,0,14243,7585,5044,36,0,1,0,0.919,0
38754,36,2,0,2,17590,25091,10715,2,0,0,1,0.454,0
29743,22,0,18,1,34385,21081,25225,1,0,0,0,1.156,0
56284,60,1,10,0,32869,32201,25142,21,1,1,1,0.584,1
31839,37,0,20,0,24978,10064,12674,5,1,1,1,0.784,0
21753,54,1,23,0,16455,13257,0,38,0,0,0,0.756,1
79312,62,1,24,1,3876,25990,37272,39,1,1,1,0.049,1
45484,36,4,14,0,35155,27662,20218,35,0,1,1,0.773,0
51350,58,0,22,0,12028,32993,13308,23,0,1,0,0.234,1
21505,22,3,24,1,18376,8577,0,11,0,0,1,0.854,0
39112,22,0,10,1,22528,27756,10869,16,0,1,1,0.576,1
52218,46,2,18,1,15739,39452,0,21,0,1,0,0.301,1
26980,33,1,20,1,28813,19062,21113,18,1,1,1,1.068,0
57513,67,0,9,2,20464,26027,24771,8,1,1,0,0.356,0
37987,51,0,23,1,26863,22538,13446,11,0,1,0,0.707,0
44166,54,0,11,1,20368,33451,0,31,0,0,1,0.461,0
37965,59,1,0,0,14545,17476,16778,30,0,0,1,0.383,0
87045,23,2,23,1,15890,61803,21810,16,0,0,2,0.183,1
49730,28,3,6,0,14253,15154,0,22,1,0,0,0.287,1
28845,43,2,16,1,0,8706,24009,9,1,0,0,0.0,1
66450,34,0,9,0,2990,45176,17867,29,1,1,0,0.045,1
25583,47,1,5,1,23886,17414,5889,18,1,0,1,0.934,0
54177,74,1,16,1,0,37625,1635,25,0,1,1,0.0,1
10806,49,2,17,0,10149,8266,7316,25,0,1,1,0.939,0
23436,59,0,4,2,2398,8412,0,10,0,0,0,0.102,0
53937,73,3,17,0,9507,22437,13903,19,0,1,2,0.176,1
64769,59,0,16,1,13136,48697,18377,3,1,0,1,0.203,1
53427,21,0,21,0,10125,20762,27528,11,0,1,2,0.19,1
47687,37,1,15,2,0,30572,14461,24,0,1,0,0.0,1
43977,61,1,7,1,12773,24857,15869,9,1,0,1,0.29,0
20429,50,1,23,1,3493,6978,5979,21,1,0,1,0.171,1
35603,73,0,12,0,7361,15759,0,6,0,0,1,0.207,0
40787,33,2,23,2,23886,22848,3551,23,1,1,0,0.586,0
71142,41,2,15,1,26464,51661,31421,1,0,1,2,0.372,1
56872,39,0,10,0,0,37181,19511,31,0,0,0,0.0,1
14739,73,2,5,0,33823,9004,16110,20,0,1,0,2.295,0
56481,39,2,2,1,8878,30952,0,6,0,0,1,0.157,1
42298,45,2,0,0,7787,19006,14692,7,1,0,1,0.184,1
36461,42,1,17,0,4300,13112,0,37,0,1,1,0.118,1
62233,51,3,4,0,15670,31398,0,20,1,0,0,0.252,1
70619,37,1,12,1,38778,22192,0,7,1,1,1,0.549,1
68625,43,0,9,0,0,27829,0,24,0,1,1,0.0,1
33215,52,0,4,2,0,17146,22500,27,1,1,0,0.0,1
43815,30,0,13,2,18222,22315,13398,27,0,0,2,0.416,1
56625,30,1,16,1,21832,18241,0,30,0,0,2,0.386,1
69510,56,1,0,2,15632,41325,1288,35,1,0,1,0.225,1
40416,28,0,24,1,22149,23232,17474,24,1,1,0,0.548,1
46286,74,2,1,0,1424,15693,20467,36,0,1,2,0.031,1
27873,72,2,6,0,3661,21506,12004,37,1,0,0,0.131,1
26075,40,1,9,2,16487,9118,0,11,0,1,0,0.632,0
66250,52,0,19,1,36096,48191,3812,36,1,0,0,0.545,1
77124,70,1,6,0,21728,23149,45714,36,0,0,0,0.282,1
48559,34,1,23,0,22286,35989,0,30,0,0,2,0.459,1
70070,70,0,15,0,2115,21711,15623,17,0,0,1,0.03,1
57232,48,1,4,0,20068,38855,41812,25,0,0,2,0.351,1
37097,66,2,11,0,814,17837,5897,5,0,0,0,0.022,1
57227,72,2,16,2,36213,38291,37507,8,1,1,1,0.633,1
80760,73,1,15,0,2856,40450,0,10,0,1,2,0.035,1
49283,44,0,19,0,5442,16532,0,30,0,0,2,0.11,1
81292,35,2,15,1,0,55583,1310,1,0,1,1,0.0,1
5000,42,0,18,0,16029,1678,0,28,0,1,0,3.205,0
66438,50,1,14,2,15525,50563,0,4,1,0,1,0.234,1
51740,24,1,11,0,33158,16840,3738,22,1,1,0,0.641,1
44019,33,3,20,0,24316,23755,24864,35,1,1,1,0.552,1
51835,43,1,9,1,5510,34289,1088,6,0,1,1,0.106,1
10248,28,0,21,0,25480,5089,4359,12,0,1,1,2.486,0
45606,38,0,1,1,77,18635,30557,9,0,1,1,0.002,1
57142,32,3,6,0,6379,38830,0,35,1,0,1,0.112,1
79557,51,1,12,0,16421,55065,19283,15,1,1,0,0.206,1
39634,34,3,2,1,1417,30175,0,14,0,0,1,0.036,1
33830,54,1,14,0,27775,16511,0,18,0,1,1,0.821,0
39964,38,1,0,0,42351,22105,6798,20,1,0,0,1.06,0
68308,54,0,2,0,11465,32894,28136,34,1,0,0,0.168,1
56575,31,2,24,1,7179,24244,0,14,1,1,0,0.127,1
39404,61,2,9,0,13444,26618,0,13,0,0,1,0.341,1
60265,32,1,14,2,8311,28314,14085,28,1,1,2,0.138,1
51941,69,3,21,1,18140,26701,16493,4,0,0,0,0.349,1
69372,35,1,5,2,0,34813,0,17,1,1,1,0.0,1
35958,51,0,19,1,18822,23600,2171,0,1,0,1,0.523,0
43446,69,1,14,4,37943,32971,26299,26,1,0,0,0.873,0
42157,49,0,23,0,0,26701,0,26,1,0,2,0.0,1
20729,46,2,20,0,976,11106,15122,24,0,1,0,0.047,1
55922,38,0,6,0,9659,38563,2236,20,0,1,2,0.173,1
55221,52,0,24,0,21502,34263,31038,13,0,1,0,0.389,1
50102,42,0,20,1,25684,16548,18706,19,0,1,0,0.513,1
45308,58,0,4,0,24719,15759,23208,27,0,1,0,0.546,0
21692,37,1,3,2,0,6918,1936,20,0,1,0,0.0,1
41587,43,1,21,0,6907,21974,22367,22,1,0,2,0.166,1
43145,44,4,17,0,4196,30759,21977,10,0,0,0,0.097,1
33954,70,0,2,1,14217,15501,17792,1,1,0,1,0.419,0
46774,28,1,16,1,15219,23016,5760,19,1,0,0,0.325,1
58081,61,1,17,0,0,43835,12439,23,0,1,2,0.0,1
87723,26,0,17,1,9725,63024,0,24,0,1,1,0.111,1
53491,25,2,23,0,21966,33834,36385,36,0,1,1,0.411,1
55151,64,0,23,0,7460,23902,941,21,1,1,0,0.135,1
48511,49,1,1,1,12597,17392,4977,23,0,1,1,0.26,1
11624,48,0,12,0,35362,3580,0,14,0,1,0,3.042,0
49469,31,1,21,0,38880,17487,20093,11,1,0,0,0.786,1
51204,21,0,14,0,0,22852,17938,30,0,0,1,0.0,1
99264,63,1,4,2,16366,57165,5567,30,1,0,2,0.165,1
46152,39,0,2,1,50004,15322,0,29,0,0,2,1.083,0
56030,29,0,4,0,20746,20625,0,19,1,1,1,0.37,1
49305,47,0,4,0,15221,19255,16900,7,1,1,1,0.309,1
26626,54,0,4,0,30752,16401,13771,29,1,0,2,1.155,0
72856,64,1,2,0,17617,44288,9306,34,0,1,1,0.242,1
65038,24,0,2,1,23509,37421,3640,20,0,1,1,0.361,0
65820,56,1,19,1,12476,27990,0,39,1,0,2,0.19,1
31812,38,3,22,2,17442,15446,24458,27,0,0,0,0.548,1
78055,35,2,17,0,20119,27190,0,38,0,1,0,0.258,1
21962,71,0,19,0,25386,9075,6936,16,1,1,1,1.156,0
61737,33,0,3,0,9819,46231,0,11,0,0,0,0.159,1
93809,39,3,0,0,9493,74094,24905,17,0,0,0,0.101,1
30189,69,1,15,1,0,18832,18730,27,1,0,1,0.0,1
38674,26,0,7,0,10354,29330,4641,2,0,0,1,0.268,1
51993,68,2,16,2,26436,32306,20367,14,0,1,2,0.508,0
39930,32,1,7,1,20558,12641,0,15,1,0,0,0.515,0
18986,71,2,6,0,3038,15158,8807,21,1,0,0,0.16,1
51371,57,1,24,0,0,17952,0,30,0,0,0,0.0,1
28753,37,0,7,2,13290,18439,25375,30,1,1,1,0.462,1
59471,43,3,20,1,26085,25359,15614,0,1,0,1,0.439,1
31611,46,1,23,1,9253,15678,19749,10,0,0,1,0.293,1
80998,49,0,11,0,0,50459,1701,5,0,1,0,0.0,1
34334,53,2,15,2,7925,17793,21172,22,0,0,1,0.231,0
43558,47,0,11,0,18913,18524,0,8,1,0,1,0.434,1
66270,45,1,18,0,29909,30962,0,15,1,0,0,0.451,1
25382,30,1,9,0,11919,11949,7372,37,0,1,1,0.47,0
54549,67,0,6,2,27658,42529,0,18,1,1,1,0.507,0
76142,43,0,11,0,26328,53246,20644,12,1,0,2,0.346,1
17850,41,1,19,1,880,9447,2898,31,0,0,2,0.049,1
53692,41,3,4,1,30008,21471,0,35,1,0,1,0.559,0
55197,63,1,15,1,18541,38941,0,8,0,1,2,0.336,1
65636,33,2,8,2,519,24849,20460,36,1,1,1,0.008,1
25260,57,1,6,2,36129,10236,0,30,0,1,2,1.43,0
23590,53,1,19,0,13493,11394,0,30,1,1,0,0.572,1
60438,44,0,21,0,0,44734,31043,18,1,1,1,0.0,1
55939,64,0,13,1,6524,20467,4834,1,0,1,1,0.117,1
55009,31,2,10,1,3570,19864,20746,31,1,1,1,0.065,1
56928,37,1,6,1,6819,31138,16412,33,1,0,0,0.12,1
36399,24,0,9,0,9657,15950,7136,0,1,0,0,0.265,1
54645,67,3,8,1,11911,31932,0,20,0,1,0,0.218,1
55861,45,1,3,0,11459,29372,0,2,0,1,0,0.205,1
35712,50,0,15,0,13830,18480,0,26,1,1,0,0.387,1
87315,29,0,9,0,22048,31082,17230,6,1,0,1,0.253,1
59476,41,1,18,2,6042,22037,20043,32,1,1,2,0.102,1
26173,40,0,23,2,29172,18596,0,8,1,0,1,1.115,0
63131,39,3,16,2,297,46902,8818,29,0,1,2,0.005,1
30506,39,0,8,0,22381,12731,10121,17,0,0,2,0.734,0
65741,32,1,12,0,34719,23451,11172,25,0,0,1,0.528,0
73171,57,0,0,0,12871,23905,0,19,1,0,0,0.176,1
33586,62,2,1,1,17321,20290,34570,37,1,1,0,0.516,0
69267,37,2,12,2,3384,45555,20168,30,1,0,2,0.049,1
58255,57,1,23,1,8858,28335,11096,7,0,0,0,0.152,1
66441,74,0,8,0,33812,42511,2217,22,1,0,1,0.509,1
87935,68,1,6,1,23981,57727,0,24,1,1,0,0.273,1
45092,59,1,15,0,20022,34615,15968,0,1,0,2,0.444,1
34925,48,1,18,2,0,11610,2893,17,0,1,1,0.0,1
32209,61,0,6,2,6402,12759,12005,18,1,1,2,0.199,1
33683,55,0,5,0,35867,11258,0,5,1,0,0,1.065,0
48457,67,3,17,1,19929,35567,2053,16,1,1,0,0.411,1
56823,68,3,18,0,21427,39565,8363,7,1,0,1,0.377,1
55533,38,2,10,1,17046,32615,24517,8,1,1,2,0.307,1
66543,34,2,11,0,7644,22746,0,36,0,0,1,0.115,1
50260,55,0,9,0,18990,21946,0,26,0,1,2,0.378,1
79070,64,1,12,0,0,35491,16670,35,1,1,1,0.0,1
44706,61,1,11,1,0,25946,9039,5,0,1,1,0.0,1
104403,27,2,20,2,6176,44791,0,5,0,0,1,0.059,1
62513,61,5,9,3,17305,21034,0,3,0,0,0,0.277,1
32856,33,1,19,3,0,21861,296,21,0,1,0,0.0,1
28582,38,2,17,1,16524,12848,8743,39,1,1,2,0.578,0
59649,57,1,3,0,3065,31386,30839,26,0,0,2,0.051,1
45530,33,1,23,0,4682,16565,0,36,1,0,1,0.103,1
64280,56,0,4,1,30595,45077,18081,1,1,0,0,0.476,1
59464,51,1,4,2,15447,34653,0,8,0,1,0,0.26,1
48543,22,3,11,1,4154,36445,15414,10,0,0,2,0.086,1
33064,36,0,2,0,17242,18110,32598,19,1,0,0,0.521,1
19703,29,3,7,2,0,15185,12125,38,1,0,2,0.0,1
41069,29,1,21,1,19587,30634,0,13,0,0,0,0.477,1
67127,58,1,1,0,28287,39486,28488,25,0,0,1,0.421,1
54281,31,0,17,1,22940,41630,15233,37,0,1,2,0.423,1
25085,74,1,8,0,40892,11577,12303,29,0,0,0,1.63,0
53463,42,1,12,1,0,25813,0,35,0,1,0,0.0,1
57706,53,0,6,0,16523,18623,15456,37,1,0,2,0.286,1
32322,56,0,9,1,0,19218,0,34,1,0,1,0.0,1
53074,65,4,8,2,12921,35079,14671,5,1,0,1,0.243,0
51164,43,2,21,2,15018,35137,10728,2,0,1,1,0.294,1
27140,65,1,14,0,42358,10175,26261,0,1,1,0,1.561,0
57155,65,1,4,1,14282,29839,1359,17,0,0,0,0.25,1
61215,54,0,11,2,14058,23777,7759,22,0,0,1,0.23,1
71661,29,0,0,2,27061,45222,21974,31,1,1,0,0.378,1
71076,44,3,11,1,14366,26935,6459,28,1,1,1,0.202,1
22446,28,0,21,3,36973,16881,9677,22,0,0,1,1.647,0
31243,27,2,5,1,23036,12975,3899,35,1,1,0,0.737,0
60300,56,1,18,0,24942,26875,7545,5,1,0,1,0.414,1
60275,38,2,18,2,0,43726,20064,16,0,0,0,0.0,1
60300,23,1,15,0,38822,31912,37538,17,1,0,0,0.644,1
127054,48,2,18,1,7122,39640,0,30,1,0,1,0.056,1
61417,26,1,2,1,14883,33613,0,5,1,1,2,0.242,1
72711,64,3,22,2,7167,24886,7877,33,0,0,0,0.099,1
69080,64,3,9,1,2708,54757,10744,26,0,1,1,0.039,1
63027,41,2,17,1,573,37441,6735,35,0,1,1,0.009,1
43694,48,0,12,0,16238,18712,1700,24,0,0,0,0.372,1
65179,60,1,17,1,0,37924,0,9,1,0,1,0.0,1
34543,74,0,2,4,12086,11690,838,38,0,1,2,0.35,0
45263,74,0,22,1,27693,31681,22258,38,1,0,1,0.612,1
40292,21,0,2,0,22583,30729,11396,11,0,0,0,0.56,0
51637,56,4,22,1,20189,38067,20133,10,1,0,1,0.391,1
96293,41,0,24,1,4255,45342,0,2,0,0,1,0.044,1
12654,63,0,11,2,0,5857,31662,21,0,1,0,0.0,1
63725,55,0,19,2,27501,20235,1571,3,1,1,0,0.432,1
17745,33,2,6,0,9612,11103,17128,7,0,0,0,0.542,1
40561,69,1,24,1,14003,23016,8123,13,0,1,0,0.345,1
71779,74,1,23,0,12628,38019,1899,19,0,1,0,0.176,1
51285,74,2,7,1,23068,38659,16492,23,0,0,1,0.45,0
28445,30,1,8,3,37119,10921,19007,13,1,0,0,1.305,0
35693,73,4,13,0,32548,10880,50320,27,1,1,2,0.912,1
63591,64,5,4,0,0,21408,19589,15,0,1,1,0.0,1
35392,67,1,20,1,11297,14570,19364,31,0,0,2,0.319,1
54329,73,3,18,0,0,17202,27173,11,1,0,1,0.0,1
50911,30,1,20,1,26261,28073,17977,15,1,0,0,0.516,0
36967,66,1,15,0,15047,16895,9419,18,1,0,1,0.407,1
92878,33,1,23,1,22273,36244,14885,4,1,1,2,0.24,1
62678,57,2,11,0,10270,42310,22822,11,0,0,0,0.164,1
9497,58,0,20,0,2527,3819,30861,28,0,0,0,0.266,1
53729,44,0,3,1,4580,34590,0,4,0,0,0,0.085,1
36764,22,1,7,0,0,17449,0,16,0,1,0,0.0,1
67048,42,0,6,1,0,37272,30225,7,1,0,0,0.0,1
34149,37,4,14,1,0,26190,0,39,1,0,0,0.0,1
47705,56,2,5,3,2571,15202,0,39,1,1,0,0.054,1
60099,34,1,4,0,1892,33062,0,29,0,1,1,0.031,1
67315,30,2,13,1,19729,48952,37027,9,1,0,0,0.293,1
25994,55,0,20,2,19258,15440,23164,19,0,0,1,0.741,0
43309,45,0,12,0,19716,18988,0,15,0,0,1,0.455,0
40501,23,0,9,2,29099,20203,0,15,0,1,1,0.718,0
36933,67,1,17,0,14059,23642,10822,2,1,0,0,0.381,1
85309,58,1,3,0,5630,63589,22890,22,0,0,1,0.066,1
58099,37,0,7,0,41536,18622,5589,21,1,0,0,0.715,0
24782,32,1,23,0,25867,8321,0,27,0,0,1,1.044,0
68357,74,2,10,2,16827,31616,27025,35,0,1,1,0.246,1
92443,72,0,16,1,15994,38492,9612,3,1,0,0,0.173,1
70649,44,1,17,0,18475,30553,7125,37,0,0,0,0.262,1
19612,49,0,20,0,12574,8053,18881,23,0,1,0,0.641,0
40315,63,0,24,0,16538,16041,0,18,0,1,0,0.41,1
75338,45,0,10,1,20992,27521,17112,10,1,0,0,0.279,1
35846,56,2,15,1,6281,27493,16163,39,0,1,2,0.175,1
58876,46,0,11,1,0,21907,0,39,0,0,0,0.0,1
65492,58,0,12,0,0,26341,0,38,0,1,1,0.0,1
31461,21,3,15,0,25654,13312,1534,17,0,1,1,0.815,0
48809,40,2,22,0,0,37412,12744,11,0,1,1,0.0,1
5000,48,1,20,0,20584,3389,14273,13,1,1,2,4.116,0
29512,36,0,0,2,1147,20506,35560,17,1,0,2,0.039,1
44948,67,1,15,1,1341,15838,12751,11,0,1,1,0.03,1
25044,37,2,14,0,6381,17985,0,39,1,0,2,0.255,1
82648,60,0,5,4,17329,41662,6235,26,1,0,0,0.21,1
21397,48,1,11,0,0,9230,0,5,1,1,1,0.0,1
41199,32,2,7,0,7596,24219,7313,23,0,1,2,0.184,1
52614,47,2,6,0,14691,37413,31133,32,0,1,1,0.279,1
78825,74,2,1,0,476,54336,16888,15,1,0,2,0.006,1
21282,73,1,11,1,32138,15855,0,11,0,0,0,1.51,0
73263,62,2,20,3,0,55977,18885,30,0,0,1,0.0,1
50204,67,1,13,0,12381,21038,0,36,1,1,2,0.247,1
30369,50,0,15,1,30270,15546,0,12,0,0,0,0.997,0
59242,61,1,10,0,0,18205,0,7,0,0,1,0.0,1
53981,54,1,19,0,13684,39927,16876,37,0,0,0,0.253,1
37995,57,0,8,0,16594,14334,21585,2,1,1,1,0.437,0
51396,26,0,9,1,5318,37556,35764,19,0,0,2,0.103,1
42293,27,0,16,1,14070,19653,15117,3,1,1,0,0.333,1
52270,52,3,11,0,21737,25302,30207,1,1,0,0,0.416,1
63242,52,0,5,0,9394,20210,19451,35,0,0,0,0.149,1
81720,73,1,18,0,24171,37872,24061,22,0,0,2,0.296,1
25243,45,0,10,0,19712,18785,26525,18,0,1,1,0.781,0
92660,53,1,8,2,8005,28981,17305,39,1,0,0,0.086,1
10958,27,0,20,0,28529,5513,26122,7,0,0,0,2.603,0
46964,72,2,5,1,6108,14826,0,15,1,1,2,0.13,1
61766,32,0,24,1,25270,29985,0,17,0,0,2,0.409,1
55619,36,0,24,1,6323,21486,19761,35,0,1,0,0.114,1
37546,36,1,23,1,11207,15998,15621,23,0,0,0,0.298,1
45837,63,1,24,1,13048,33864,0,0,1,0,1,0.285,1
40139,73,1,15,0,19062,20792,0,0,0,0,1,0.475,1
38212,56,3,19,2,0,16694,11960,35,0,0,2,0.0,1
66992,33,2,15,0,20496,39838,20753,10,1,1,1,0.306,1
57140,27,1,5,0,13770,21201,17798,17,0,1,1,0.241,1
36141,56,0,4,1,18428,15529,0,15,0,1,1,0.51,0
67991,67,1,20,2,21029,38967,0,16,1,1,2,0.309,1
56145,71,1,3,1,19725,23511,20042,23,1,0,0,0.351,1
66257,29,3,1,2,0,42375,11090,33,0,0,0,0.0,1
62592,52,0,5,0,2267,34159,25902,3,0,1,0,0.036,1
33420,31,1,8,0,18993,22925,5150,34,1,1,2,0.568,0
38796,28,0,16,0,17396,30032,21092,14,0,0,1,0.448,1
64945,53,1,13,1,5525,23243,9405,1,1,1,0,0.085,1
62207,43,1,6,0,23851,29071,0,30,0,0,1,0.383,1
49581,45,0,21,1,11922,22796,23922,8,0,1,0,0.24,1
52346,28,0,18,0,25628,19660,0,9,0,1,0,0.49,1
75553,65,4,0,3,29520,53276,11112,24,0,1,0,0.391,0
38168,42,1,19,0,18339,25951,12662,4,1,0,1,0.48,1
60941,24,1,24,0,21666,33042,8195,13,0,1,1,0.356,1
45956,60,4,14,0,7698,26143,24861,37,0,1,2,0.168,1
45646,23,1,17,0,25706,15052,18589,39,1,0,2,0.563,1
71975,49,0,2,1,17617,41583,16801,1,0,0,1,0.245,1
66508,61,2,17,1,11463,46267,11026,17,1,1,1,0.172,1
66270,49,1,1,2,374,38894,37844,28,1,0,0,0.006,1
76109,54,0,9,3,9174,32928,31970,19,1,0,0,0.121,1
50420,54,1,10,1,1686,31954,23791,7,1,0,0,0.033,1
63639,48,0,23,0,24137,30594,21326,36,0,1,1,0.379,1
43794,33,1,2,0,29645,25069,966,25,1,1,0,0.677,0
56483,35,1,6,0,25995,30714,9263,36,1,1,0,0.46,1
47397,43,1,7,0,44832,23252,19537,3,1,0,1,0.946,0
51939,64,1,18,0,9475,34250,25773,32,0,1,0,0.182,1
61903,46,3,17,0,22158,45928,23380,21,1,1,1,0.358,1
33635,24,1,12,1,823,10178,18714,5,1,1,1,0.024,1
91847,46,0,12,1,12632,70429,40009,32,1,0,0,0.138,1
29879,60,1,23,3,0,16605,7966,27,0,1,0,0.0,1
25716,29,1,18,0,21818,16724,25197,23,0,0,0,0.848,0
73162,25,1,22,4,10734,53248,23371,3,1,0,0,0.147,1
65833,52,1,11,1,0,35125,16660,1,0,1,1,0.0,1
62482,40,2,16,1,6779,44830,17207,12,0,1,1,0.108,1
62566,70,3,21,1,36517,24326,16905,10,1,0,0,0.584,1
49755,31,2,11,0,19925,18886,0,34,0,1,0,0.4,1
32054,35,0,12,1,24229,20153,16012,38,0,0,2,0.756,0
51516,52,0,24,1,16506,37867,21224,9,0,1,0,0.32,1
36456,48,1,11,0,12821,27203,14829,9,0,0,0,0.352,1
69502,42,1,18,3,15186,43221,0,7,0,0,1,0.218,1
47058,61,1,13,1,17945,26481,0,4,0,1,1,0.381,1
33490,37,0,6,1,1840,15596,0,22,0,1,1,0.055,1
43572,46,3,12,0,24156,34421,8321,33,1,1,1,0.554,0
58258,64,2,5,1,28461,26789,0,31,1,1,0,0.489,0
38725,27,0,23,0,12640,26026,19688,15,0,1,1,0.326,1
33555,62,3,18,0,8723,18991,27879,3,0,1,0,0.26,1
54873,46,2,18,0,6097,33157,30005,27,0,0,1,0.111,1
54899,45,0,3,1,36110,27270,15052,13,1,0,2,0.658,0
39861,30,1,18,0,9572,31187,26262,11,1,0,0,0.24,1
40579,65,1,8,1,22839,23772,1561,20,0,0,0,0.563,0
54640,39,3,15,1,12725,42012,7725,15,0,1,0,0.233,1
21038,31,0,3,3,12076,6391,0,1,1,0,0,0.574,0
21850,33,1,5,0,5823,12811,28103,22,1,0,0,0.266,0
35631,73,1,7,1,3356,23466,39489,28,0,0,1,0.094,1
45731,28,0,23,0,23879,30755,4771,8,1,1,2,0.522,1
56218,60,1,15,0,3084,42303,0,6,1,0,0,0.055,1
79507,24,1,4,0,20550,24027,0,28,1,0,0,0.258,1
67153,67,1,20,2,16087,20156,247,16,0,1,0,0.24,1
46801,51,2,21,1,24031,25091,0,8,1,1,0,0.513,1
49619,48,1,9,0,7680,15612,0,5,0,0,0,0.155,1
29949,31,1,22,1,27961,23577,13069,19,1,1,1,0.934,0
49629,63,1,12,0,13305,20399,19895,9,0,0,0,0.268,1
44226,21,1,13,1,46100,23719,0,8,0,1,2,1.042,0
56454,69,1,6,0,0,18661,2017,11,1,0,1,0.0,1
33455,67,1,19,0,44147,18769,10565,32,0,1,1,1.32,0
60386,72,0,5,0,13483,29587,0,31,0,1,0,0.223,1
80654,58,1,6,2,17673,25997,13542,33,0,1,1,0.219,1
47824,44,0,4,1,7748,22360,8232,18,0,0,1,0.162,1
58034,74,1,20,0,0,28768,3271,32,0,1,0,0.0,1
63802,67,0,17,0,8659,50720,0,15,1,0,0,0.136,1
41975,51,1,22,3,10611,16955,14101,22,0,1,2,0.253,1
54481,61,0,11,1,17193,31184,0,25,0,1,0,0.316,1
50251,66,0,5,0,28453,39882,0,36,0,1,1,0.566,1
51953,70,1,0,1,17288,36159,10331,8,0,1,0,0.333,0
34539,46,1,3,0,17497,27516,0,29,0,1,0,0.507,0
50490,69,1,18,0,19612,39591,0,12,0,1,0,0.388,1
59959,70,3,11,0,0,32663,11942,15,0,0,0,0.0,1
79022,25,0,14,1,0,51221,7556,1,0,0,1,0.0,1
69185,40,1,2,0,0,24576,0,30,1,1,1,0.0,1
93063,72,0,22,0,10520,48446,13434,18,1,1,1,0.113,1
34653,61,2,19,0,0,24413,16358,10,0,1,1,0.0,1
67446,31,2,7,1,6722,37275,13597,13,0,1,0,0.1,1
53666,74,1,10,1,0,34955,13052,24,1,1,1,0.0,1
93796,53,3,15,0,20852,63113,0,6,0,1,1,0.222,1
33834,70,0,8,2,20251,14438,29398,14,1,0,1,0.599,0
33205,58,1,2,1,11392,24500,18362,29,0,1,1,0.343,1
38012,47,2,4,2,0,20142,0,30,0,0,1,0.0,1
7522,54,0,19,1,12154,3047,9823,23,1,0,0,1.616,0
39484,35,0,13,1,18943,28930,12674,24,1,0,1,0.48,0
34817,52,1,14,0,24728,17718,9409,7,0,1,0,0.71,0
53007,41,4,5,0,36040,35788,36895,29,0,0,1,0.68,1
56835,66,0,3,0,28421,32624,0,35,0,1,0,0.5,1
87523,25,1,7,1,16977,42968,0,13,1,1,2,0.194,1
69008,26,0,18,1,11577,48646,0,28,1,1,1,0.168,1
38461,58,1,4,1,6084,22777,11198,26,0,1,1,0.158,0
32031,42,0,12,0,31267,15864,18160,35,0,1,1,0.976,0
59838,38,0,15,2,16999,21230,15423,33,0,0,2,0.284,1
23595,34,0,0,1,22566,17642,5663,20,0,0,1,0.956,0
86629,30,1,12,0,7917,27525,16098,37,0,1,0,0.091,1
73588,66,0,21,1,109,53836,5553,10,1,0,2,0.001,1
40616,33,1,10,0,10195,19494,21110,32,0,1,1,0.251,1
15737,51,1,20,0,11364,9751,26609,14,0,1,1,0.722,0
77077,50,3,7,1,17301,58663,0,11,1,0,2,0.224,1
47709,23,1,24,0,6150,17931,5685,23,0,1,0,0.129,1
74756,50,1,7,0,15299,43618,8115,36,0,1,0,0.205,1
18111,26,1,23,2,29132,12355,31381,10,0,0,1,1.608,0
38012,49,0,13,1,0,25802,0,18,0,1,1,0.0,1
50104,28,1,12,0,0,28199,26464,0,1,1,1,0.0,1
50939,64,0,2,1,29950,31193,0,16,1,0,1,0.588,0
40998,65,2,3,0,0,27827,28653,39,0,1,1,0.0,1
62456,63,1,19,0,10439,45000,22778,15,0,0,1,0.167,1
28647,64,0,14,1,22301,19505,7665,25,0,1,2,0.778,0
47152,53,0,14,1,14289,22491,23750,14,0,0,0,0.303,1
52405,37,1,20,1,14120,41838,2485,7,0,1,1,0.269,1
60288,68,1,12,0,15868,31184,0,29,0,1,1,0.263,1
64232,31,4,8,0,45224,20055,35596,13,0,1,1,0.704,0
27507,33,1,24,1,36367,13239,1882,32,0,1,0,1.322,0
19317,70,0,9,2,6675,7029,20155,6,1,0,0,0.346,0
75553,31,2,11,1,27610,27253,26632,17,1,1,1,0.365,1
56646,51,2,13,0,21066,24967,22094,11,1,1,0,0.372,1
35030,48,1,0,1,14765,11443,18989,1,0,1,0,0.421,0
81023,64,1,13,2,4105,52199,20202,28,1,0,0,0.051,1
52313,26,4,13,0,20416,17629,25861,20,1,1,1,0.39,1
73585,61,1,7,1,11327,29555,14765,6,1,1,1,0.154,1
51350,36,1,15,0,10445,17790,9405,26,0,1,1,0.203,1
91214,24,0,13,1,5795,30245,0,11,1,1,0,0.064,1
85106,55,1,0,3,26997,36925,14771,19,0,0,1,0.317,1
45020,68,0,15,0,5787,26379,25425,13,1,1,1,0.129,1
69431,46,1,17,1,5860,54318,0,9,0,0,0,0.084,1
62907,32,0,6,0,24335,46411,6564,22,1,0,0,0.387,1
77372,31,0,14,0,13268,57097,16380,29,1,1,2,0.171,1
30701,57,1,23,0,13590,11913,32685,30,0,1,1,0.443,1
63721,45,1,16,0,27394,27556,0,9,0,0,1,0.43,1
71168,38,2,18,1,30764,24068,21901,18,0,0,0,0.432,1
14825,39,4,22,0,0,10217,4633,18,0,0,2,0.0,1
26334,43,2,12,2,13454,8819,0,22,0,0,1,0.511,0
9215,58,1,8,0,0,5329,0,31,0,0,2,0.0,1
44611,74,1,23,2,10358,18912,166,19,1,0,2,0.232,1
64350,38,0,23,1,14919,27137,17486,3,0,0,2,0.232,1
80047,46,0,14,1,10741,63666,6583,32,1,1,2,0.134,1
51481,26,3,24,3,2696,34924,20713,0,1,1,0,0.052,1
82572,24,1,2,0,2087,59325,0,12,1,0,2,0.025,1
22397,64,5,23,1,23735,13124,20454,2,1,1,0,1.06,0
15932,71,3,0,1,33417,11718,16506,11,0,1,2,2.097,0
48889,49,1,15,0,0,30445,0,28,1,0,0,0.0,1
57681,54,1,7,1,11068,44592,32593,30,0,0,1,0.192,1
49346,37,1,22,1,23783,21745,15098,35,1,0,0,0.482,1
8651,63,2,12,2,14608,5170,21481,1,1,0,1,1.688,0
48217,63,3,7,0,1635,31103,27342,21,1,0,0,0.034,1
23910,73,4,16,1,9266,11870,24525,21,0,1,1,0.388,1
63393,36,0,21,1,18625,46901,8108,30,0,1,2,0.294,1
57331,22,0,22,1,11313,45285,20877,13,1,1,1,0.197,1
31202,54,1,13,0,14424,17063,0,28,1,0,0,0.462,1
39722,28,0,20,1,14770,19675,15906,34,0,1,1,0.372,1
28815,33,1,20,2,8708,15443,35987,8,1,1,0,0.302,1
48746,62,0,6,1,24798,35407,0,31,0,1,1,0.509,1
69102,28,1,14,0,9270,43032,23731,26,1,0,2,0.134,1
30285,50,1,15,0,2934,9763,36594,9,1,1,1,0.097,1
60080,52,2,18,1,41755,34310,20338,24,0,1,0,0.695,0
39394,56,1,5,1,14066,12158,25381,32,0,1,0,0.357,0
34142,67,4,22,1,0,23532,0,10,1,1,2,0.0,1
47859,50,0,0,2,30056,22214,0,36,0,0,0,0.628,0
29295,21,0,11,2,30018,15702,31446,8,0,1,1,1.025,0
38927,63,3,17,1,20486,27223,24405,6,1,0,1,0.526,0
26042,59,1,15,0,22579,8417,17440,6,1,1,1,0.867,0
89294,37,0,11,1,40916,33866,6030,33,0,0,2,0.458,1
50705,40,1,19,0,3446,25300,14269,18,0,0,0,0.068,1
36005,44,2,12,1,16598,14940,36072,19,0,1,1,0.461,0
54279,70,1,7,1,38636,25454,8471,24,1,1,1,0.712,0
47753,42,0,21,2,41178,38158,20488,4,0,0,0,0.862,0
45580,49,4,0,0,10606,32485,20094,28,1,1,0,0.233,1
62283,42,0,20,0,39121,46210,12,26,1,1,1,0.628,1
65150,64,1,6,0,24631,50069,1169,24,0,0,0,0.378,1
39389,29,0,14,2,32942,18531,32905,36,0,0,2,0.836,0
38483,57,0,21,0,24237,17261,18551,14,1,1,0,0.63,1
44498,30,2,12,0,18665,18557,0,3,0,0,0,0.419,0
5000,56,2,12,0,41512,3575,5330,13,1,0,0,8.301,0
19696,57,0,8,1,8656,12601,0,16,1,0,0,0.439,0
77337,48,1,23,1,37827,32333,25997,20,1,0,1,0.489,1
82899,48,1,14,0,39728,40495,6223,15,0,1,0,0.479,1
45019,62,2,3,1,31356,24911,6423,25,0,0,1,0.696,0
61531,63,4,12,2,14139,34707,22613,8,1,0,2,0.23,1
56225,41,1,11,0,17933,41851,0,1,1,0,1,0.319,1
111577,44,1,4,3,0,54704,9446,14,0,0,0,0.0,1
72391,62,1,6,1,9569,54601,9836,34,0,0,2,0.132,1
47441,60,2,7,2,22448,24701,5715,23,0,1,0,0.473,0
30889,22,1,4,1,0,20794,1756,37,1,1,1,0.0,1
17871,28,2,8,1,11425,13673,0,13,0,0,1,0.639,0
54069,68,1,13,1,38337,40756,14236,36,1,0,0,0.709,0
34872,47,0,11,1,13147,11454,0,36,1,0,2,0.377,1
21554,42,1,3,1,27403,8683,12417,5,1,0,0,1.271,0
37068,57,2,19,1,21798,19959,1706,17,1,1,1,0.588,0
28369,47,1,7,1,11307,14632,2703,21,1,0,0,0.399,1
83742,49,1,16,1,13139,51957,12954,17,0,0,1,0.157,1
67632,23,0,7,0,17002,52235,2536,1,0,1,1,0.251,1
49840,64,1,20,0,0,17753,29005,31,1,0,0,0.0,1
79598,33,4,0,0,26363,41862,7899,16,0,1,1,0.331,1
51547,65,1,19,0,13579,20423,25699,0,0,1,1,0.263,1
32774,30,2,1,1,26783,24483,0,8,0,0,1,0.817,0
80462,56,3,3,1,19658,62944,0,12,0,1,1,0.244,1
60778,29,1,23,0,13049,32780,0,35,1,1,1,0.215,1
29255,74,1,20,1,17370,10297,2617,36,1,0,0,0.594,0
46193,47,1,0,1,17410,31995,6510,29,0,1,1,0.377,0
32487,54,0,6,0,32714,21070,11155,30,1,1,1,1.007,0
22344,71,2,0,0,15751,10665,20460,22,0,1,1,0.705,0
68523,21,1,8,1,18457,50960,19371,27,1,1,2,0.269,1
88188,52,0,2,1,0,69484,27034,9,0,1,0,0.0,1
22028,45,0,11,2,14435,12752,0,24,1,0,0,0.655,0
61259,49,2,18,2,32451,35705,10462,35,0,1,0,0.53,1
36987,27,3,14,1,20145,16598,0,25,0,0,0,0.545,1
40257,69,3,21,1,2027,23842,16213,25,1,0,0,0.05,1
38152,23,2,15,1,3314,19832,37063,12,0,1,2,0.087,1
32720,40,2,9,0,6102,14759,0,16,1,1,0,0.186,1
50970,40,1,21,1,26995,17003,20313,39,1,0,1,0.53,1
33380,73,0,5,0,25518,14231,25729,3,0,1,0,0.764,0
55409,50,2,16,4,0,22104,0,22,1,0,1,0.0,1
48995,55,0,20,0,14023,27977,16544,34,0,0,2,0.286,1
45221,55,1,21,0,16771,27170,4601,10,0,0,0,0.371,1
31848,69,0,23,1,3454,19245,8182,11,1,0,2,0.108,1
38464,59,4,16,1,10314,19004,4104,8,0,0,2,0.268,1
65107,47,2,20,0,30971,33244,6626,14,1,1,1,0.476,1
60018,46,2,18,2,19906,43040,27332,36,0,0,0,0.332,1
30448,34,2,17,2,9005,16384,8812,4,1,0,1,0.296,0
51986,37,1,10,1,12752,41270,974,18,0,1,2,0.245,1
65027,38,3,23,2,12265,33801,11034,10,0,1,0,0.189,1
16611,65,3,6,0,18383,10378,0,8,1,0,1,1.107,0
60867,72,4,9,2,0,19792,0,34,0,0,0,0.0,1
36747,49,0,6,0,6962,23028,28728,26,1,0,0,0.189,1
61411,40,2,4,4,27424,44566,7819,12,0,1,2,0.447,1
34734,73,3,11,1,14129,26787,2829,11,0,1,1,0.407,1
13902,47,2,15,0,4801,11102,12594,8,1,1,0,0.345,1
17449,38,1,24,1,5296,7696,21049,27,0,0,1,0.303,1
50961,24,1,20,1,23650,29949,29931,12,0,1,0,0.464,1
55194,21,1,17,1,8786,28996,3234,19,1,0,0,0.159,1
31913,70,1,2,0,21130,18570,3579,12,1,0,1,0.662,0
62771,21,3,19,0,7477,23773,6652,26,0,0,1,0.119,1
16769,46,0,14,0,1440,12209,25437,25,0,1,0,0.086,1
48678,65,0,4,1,17933,36741,10855,28,1,1,0,0.368,0
25779,40,1,12,0,13831,13529,42488,28,1,1,1,0.537,0
36963,72,1,18,1,23221,16271,7584,21,1,1,2,0.628,1
50947,43,2,11,0,25609,18871,36452,8,1,0,2,0.503,1
32791,30,1,22,2,10704,21047,0,23,0,0,0,0.326,1
42308,31,0,20,0,19187,19297,0,18,1,1,1,0.453,1
70125,61,2,4,3,10334,52928,8478,37,1,1,2,0.147,1
38462,61,0,5,0,22603,24442,27090,30,0,1,1,0.588,0
66713,25,1,6,1,17800,41551,2845,38,0,0,2,0.267,1
27405,21,0,9,0,7513,15886,751,14,0,1,2,0.274,1
60596,37,2,15,1,6509,19565,25375,31,1,0,0,0.107,1
78831,42,1,7,2,18224,60381,20576,28,0,1,0,0.231,1
5000,54,1,8,1,28946,3069,0,33,0,0,0,5.788,0
34062,65,0,3,1,25815,27148,0,8,0,1,0,0.758,0
61541,61,1,20,0,3683,34997,22439,34,0,0,2,0.06,1
45939,49,1,20,1,4945,30092,0,5,0,1,2,0.108,1
57422,24,1,7,1,6714,18840,26192,36,1,1,0,0.117,1
37920,25,0,24,0,7841,23353,20377,13,0,0,1,0.207,1
51731,31,1,6,1,0,35297,0,8,1,0,1,0.0,1
46886,71,2,14,0,24480,32316,10233,18,1,1,0,0.522,1
73355,41,2,20,3,9529,50252,0,22,1,0,1,0.13,1
55088,55,2,2,0,20544,22759,0,27,1,0,2,0.373,1
56752,32,1,16,1,11210,44703,2455,15,0,1,0,0.198,1
41762,46,5,10,1,14724,33308,0,25,0,1,0,0.353,0
40247,71,1,8,5,6777,13595,43272,37,0,0,0,0.168,0
41348,39,0,4,1,14660,31764,22960,39,1,1,0,0.355,0
57889,65,2,24,0,4545,25744,30511,24,0,1,0,0.079,1
41580,27,0,9,0,14749,26804,7895,34,0,1,1,0.355,1
55795,67,1,14,1,32486,26170,10457,4,1,1,1,0.582,1
91508,27,1,13,3,21247,71731,33710,6,1,1,1,0.232,1
67422,46,2,3,0,18492,23648,16505,22,1,0,0,0.274,1
43479,60,0,20,0,0,23864,19183,24,1,1,0,0.0,1
74024,25,1,19,0,21807,38050,0,0,0,0,2,0.295,1
41838,41,0,1,1,22973,19371,0,21,1,0,2,0.549,0
9237,34,1,11,2,18219,5752,13915,3,0,1,0,1.972,0
29838,24,1,0,0,17571,10906,15594,27,1,0,0,0.589,0
12584,43,2,23,1,13317,8284,0,13,0,1,2,1.058,0
42969,62,3,19,0,22792,33958,15376,32,0,1,0,0.53,1
50368,40,2,4,0,31764,35372,0,3,1,0,0,0.631,0
83528,35,0,5,1,18966,60976,10207,10,0,0,1,0.227,1
56538,70,0,23,0,3339,27127,0,38,1,1,0,0.059,1
45617,72,1,10,2,4257,21095,29919,31,1,1,0,0.093,1
66588,65,1,7,0,23714,37191,5331,3,1,1,1,0.356,1
5777,49,3,6,1,3436,1865,0,0,0,1,1,0.595,0
54712,28,2,3,2,17412,42274,0,25,0,0,2,0.318,1
65417,61,1,5,0,10853,24328,0,32,1,0,2,0.166,1
20428,68,1,15,0,2133,15351,16546,16,1,1,0,0.104,1
72875,39,0,19,0,24987,24908,25057,26,0,0,0,0.343,1
56769,68,0,14,0,23481,40380,23555,4,0,1,1,0.414,1
41694,59,2,13,1,0,15676,30948,6,0,0,1,0.0,1
62655,66,0,22,1,20777,19991,36222,24,1,1,0,0.332,1
95413,48,2,11,0,19023,62948,24368,7,0,1,0,0.199,1
53637,66,1,11,0,25049,23607,2456,33,0,1,0,0.467,1
54964,47,1,15,0,17001,36124,12542,3,1,1,1,0.309,1
40812,24,0,14,0,32122,23570,0,11,0,1,0,0.787,0
33003,35,3,12,1,13480,11696,19563,30,1,1,2,0.408,1
66606,55,0,10,1,11734,51024,12238,10,0,1,0,0.176,1
32878,57,0,16,1,3302,17298,33928,36,0,1,2,0.1,1
51431,21,3,20,1,3792,34315,0,35,0,1,2,0.074,1
40446,23,2,14,0,2706,22265,17732,21,0,1,1,0.067,1
59579,67,0,13,1,17620,35877,0,0,0,0,1,0.296,1
56673,44,1,9,0,11770,25581,8349,3,0,0,1,0.208,1
70750,47,0,11,1,18968,28312,0,35,0,0,0,0.268,1
39799,60,2,15,1,489,22736,30340,7,1,0,0,0.012,1
44602,56,3,14,2,4731,23197,25789,24,0,0,1,0.106,1
30424,54,0,9,2,4529,15061,2909,27,1,0,1,0.149,0
41114,49,3,3,0,41031,26160,13927,37,1,1,1,0.998,0
57546,44,0,22,1,13011,37131,10577,35,0,1,1,0.226,1
65139,44,0,8,0,14203,21037,814,35,0,0,1,0.218,1
31556,62,1,20,1,14070,14811,11847,3,0,0,1,0.446,0
67392,24,1,19,3,33633,34092,3358,12,0,1,1,0.499,0
77112,23,0,8,1,0,26869,24705,37,0,1,1,0.0,1
58268,54,0,20,0,14281,24353,6837,24,0,1,2,0.245,1
87535,69,1,24,0,0,28520,45858,2,1,1,1,0.0,1
34524,43,0,23,1,0,27554,8832,31,0,1,1,0.0,1
25106,73,2,19,0,6189,16777,11691,38,0,0,1,0.247,1
14425,72,1,10,2,19945,4958,17922,0,0,0,1,1.383,0
79920,43,3,10,1,5426,24785,22555,10,1,1,1,0.068,1
63087,65,0,6,2,19749,41614,11169,1,0,0,0,0.313,0
48888,25,0,20,0,16277,25402,17595,4,1,1,2,0.333,1
55599,51,2,9,0,13331,38552,12742,21,0,1,0,0.24,1
27490,73,3,3,0,30179,20940,0,12,1,1,0,1.098,0
98915,61,1,4,1,7847,59314,0,22,0,0,0,0.079,1
52584,74,0,4,1,19567,20694,20488,30,1,1,0,0.372,1
52187,26,1,10,0,0,36066,32758,34,1,1,1,0.0,1
64515,57,1,8,1,16185,50186,0,37,0,1,1,0.251,1
59620,30,1,15,1,11913,35182,0,34,0,0,2,0.2,1
54477,60,0,8,1,813,34919,0,12,0,1,0,0.015,1
34190,27,1,21,0,19781,16026,21627,6,1,1,0,0.579,1
59429,59,2,3,0,6132,29165,22879,4,1,1,0,0.103,1
87640,58,1,1,2,35786,58484,0,28,0,1,1,0.408,1
76908,41,0,13,2,0,58748,43086,7,0,1,2,0.0,1
81863,40,3,2,1,17979,50304,4225,7,0,0,1,0.22,1
39775,23,2,17,0,15512,27640,31534,6,1,0,0,0.39,1
30207,71,1,20,4,11629,11654,22128,18,1,1,2,0.385,0
47484,42,2,5,1,8649,19277,0,38,0,1,0,0.182,1
51114,67,0,10,2,15823,28931,3729,22,0,0,1,0.31,1
71883,24,1,20,1,27746,27910,0,35,0,1,1,0.386,1
16150,48,1,17,0,0,9972,0,31,0,0,0,0.0,1
80591,32,1,11,2,5328,35929,6201,3,0,0,0,0.066,1
46839,58,2,4,2,2396,32588,0,29,0,1,0,0.051,1
41462,71,3,8,0,1832,29191,7375,38,0,0,2,0.044,1
29757,56,1,19,2,19112,15827,38994,4,1,0,1,0.642,1
16902,67,2,17,1,22072,6598,20450,2,1,0,2,1.306,0
66463,61,0,18,1,27781,41432,1643,21,1,1,1,0.418,1
51466,25,0,2,0,22261,40987,419,27,0,0,1,0.433,1
24200,33,0,8,2,23233,14793,3983,21,1,0,1,0.96,0
24098,43,0,3,0,0,7660,41066,21,1,0,2,0.0,1
43284,70,0,16,2,32802,13359,0,33,0,0,0,0.758,0
83380,50,1,16,2,12482,38369,9973,28,0,0,0,0.15,1
44808,57,0,22,0,27395,17828,16980,12,1,0,1,0.611,1
19937,45,1,22,0,0,14086,28232,6,1,0,2,0.0,1
45085,68,0,1,0,12102,32569,5009,9,0,1,2,0.268,1
44545,47,1,8,2,26316,19123,0,27,0,0,1,0.591,0
5000,71,1,8,0,15335,2314,14342,3,1,0,0,3.066,0
48914,34,3,4,0,5952,20452,29719,31,1,0,0,0.122,1
45381,68,2,14,0,30717,34225,5906,21,1,0,2,0.677,1
63924,67,2,14,0,943,35242,0,19,0,1,1,0.015,1
86979,74,0,2,3,14754,54628,11653,19,0,0,0,0.17,1
72531,56,2,18,1,22682,36826,0,5,0,0,2,0.313,1
44622,59,1,2,0,40148,27465,6720,8,1,0,0,0.9,0
27869,36,1,5,1,9499,13737,27670,27,1,1,1,0.341,1
101467,42,1,3,1,11682,47673,23122,12,0,0,1,0.115,1
51184,41,2,23,0,9663,31592,7842,30,0,1,0,0.189,1
50278,74,0,12,0,17861,29942,34889,38,1,0,0,0.355,1
49517,41,1,12,1,22055,22122,38648,13,1,0,0,0.445,1
53961,28,1,10,2,28119,20217,19961,21,1,1,1,0.521,0
47112,69,3,4,2,24072,22815,0,36,0,1,1,0.511,0
38526,36,0,0,1,9031,19555,0,23,1,1,0,0.234,1
39062,51,2,8,0,24760,23997,30752,7,1,0,2,0.634,0
49344,62,3,16,5,16098,37366,13670,14,0,1,0,0.326,0
39131,30,1,21,2,23943,12447,34533,5,1,0,0,0.612,1
35743,52,0,0,1,24628,15077,0,22,0,1,0,0.689,0
52128,54,1,2,1,34561,20687,7582,24,1,1,0,0.663,0
44900,29,0,14,1,10744,24746,25437,30,1,0,2,0.239,1
80079,37,1,20,0,8453,41228,0,28,0,1,0,0.106,1
5000,31,2,22,1,20365,3322,25221,22,1,1,1,4.072,0
71830,52,1,9,1,29190,30255,8158,9,0,0,2,0.406,1
74921,30,1,7,0,15696,44746,10420,8,1,1,1,0.209,1
8532,42,1,11,0,29972,6330,0,12,1,1,0,3.512,0
43146,37,1,24,1,23280,32589,13770,31,1,0,2,0.54,1
42571,24,0,21,1,12585,33179,42891,0,1,1,1,0.296,1
21849,68,3,14,0,21760,15002,15820,0,0,0,0,0.996,0
34443,72,0,8,0,9782,25935,0,36,0,1,1,0.284,1
27788,67,1,23,0,17863,11594,30933,39,0,1,2,0.643,1
85045,45,0,24,2,2122,33915,0,17,1,1,1,0.025,1
68713,41,0,9,0,14182,20836,35816,35,0,0,1,0.206,1
75431,57,2,19,0,26996,49288,0,30,1,1,2,0.358,1
64433,58,1,8,2,24205,49531,14090,0,0,0,1,0.376,1
27418,69,0,14,1,22450,10788,32894,35,1,0,0,0.819,0
39509,21,3,22,0,18449,24435,0,8,0,0,0,0.467,1
59787,45,2,20,1,16918,40250,11247,21,1,1,1,0.283,1
25557,71,1,20,1,0,19520,27359,27,1,1,0,0.0,1
64259,56,0,0,1,12526,40060,0,25,1,0,2,0.195,1
45193,37,0,1,1,17191,35483,23903,9,1,1,1,0.38,1
42503,61,0,18,3,1507,20075,8681,2,1,0,1,0.035,1
64219,44,1,13,1,0,30501,31629,1,1,1,1,0.0,1
58885,22,0,7,0,28545,33653,0,36,1,1,1,0.485,1
42780,60,1,5,0,15610,21037,0,30,0,0,0,0.365,0
73186,35,0,11,0,17519,22007,1854,32,1,0,0,0.239,1
28378,52,4,14,1,21667,18896,1541,31,1,0,1,0.763,0
62318,59,1,13,1,3213,42118,6902,11,0,0,2,0.052,1
61862,26,0,20,1,10158,41663,2971,2,1,1,1,0.164,1
43809,21,0,0,0,33048,20700,0,25,1,0,0,0.754,0
56522,67,1,10,1,9136,31717,8575,13,1,1,0,0.162,1
24977,43,1,24,3,11809,11988,13476,11,1,1,2,0.473,0
68480,59,3,2,0,6966,21093,7101,25,0,1,2,0.102,1
46301,37,2,18,0,6109,26911,14302,15,0,0,0,0.132,1
39545,54,1,17,0,28265,14310,11274,7,0,1,1,0.715,1
70980,61,2,19,0,0,24134,0,27,0,1,1,0.0,1
35913,49,0,1,1,9515,24340,5487,6,1,1,1,0.265,1
21830,29,2,24,2,17704,6652,11708,14,0,1,2,0.811,0
18867,33,3,6,0,35361,14706,6442,35,1,0,0,1.874,0
62120,26,0,7,0,1377,34639,0,7,1,0,1,0.022,1
24391,26,2,18,1,0,19305,28346,9,1,1,0,0.0,1
85095,40,0,21,1,4678,27996,0,14,0,1,0,0.055,1
8361,72,0,14,2,23420,4947,0,17,0,1,1,2.801,0
83929,73,1,9,0,16503,39838,10612,36,0,0,0,0.197,1
54220,23,1,21,0,0,39132,5263,34,0,1,1,0.0,1
48065,37,3,0,1,16194,23100,19021,1,1,0,0,0.337,1
39101,69,3,5,0,33617,16822,23089,21,1,0,1,0.86,0
57982,32,0,12,0,18173,42255,20808,14,0,0,0,0.313,1
49247,68,0,13,0,16974,23999,9973,36,1,0,1,0.345,1
72066,67,2,2,1,17696,22226,18299,38,0,0,1,0.246,1
52284,65,1,10,1,19974,25888,0,35,1,1,2,0.382,1
53006,21,0,2,2,0,33248,26415,4,0,1,2,0.0,1
42727,37,1,18,1,12216,18252,3927,14,1,1,0,0.286,1
48861,23,1,9,0,12842,25211,39549,26,0,1,0,0.263,1
56156,46,1,14,1,9198,18439,26871,15,0,0,1,0.164,1
15796,35,3,10,1,23233,9383,7040,35,0,1,1,1.471,0
23036,56,0,14,1,7392,15621,10321,37,0,1,0,0.321,0
64865,52,0,23,1,10680,32864,27760,17,1,1,0,0.165,1
53417,52,0,12,1,0,27248,0,34,0,1,1,0.0,1
46320,24,2,4,0,19539,15940,7596,24,1,0,2,0.422,0
50368,38,0,3,1,26302,20196,35521,21,1,0,2,0.522,0
56951,69,1,12,2,10667,21489,22672,30,1,0,0,0.187,1
39204,39,2,8,0,24688,21203,0,36,1,1,0,0.63,0
34433,63,1,24,1,13236,19441,14717,33,0,0,0,0.384,1
53916,72,3,16,1,0,41756,0,22,0,1,1,0.0,1
30432,55,1,1,0,14381,10243,4877,15,1,0,1,0.473,1
58165,60,1,23,0,12893,34895,15007,5,1,1,1,0.222,1
15948,34,2,4,0,16235,8982,17647,14,1,0,1,1.018,0
70583,53,1,15,0,18038,39393,20941,17,1,0,0,0.256,1
59451,34,4,6,0,6792,43790,28506,37,0,0,0,0.114,1
55120,54,1,0,2,32655,22200,0,12,1,1,2,0.592,0
69653,24,1,11,2,14206,22315,10360,23,1,0,0,0.204,1
83309,44,0,20,2,12604,52995,0,12,0,1,0,0.151,1
70287,49,0,10,0,23934,33216,4017,0,1,0,1,0.341,1
13182,39,0,11,0,15222,4070,0,35,0,1,1,1.155,0
24408,26,2,18,1,45790,10390,17491,17,0,0,2,1.876,0
37503,53,1,11,1,12481,17051,25795,32,1,1,0,0.333,1
50521,69,1,11,1,19221,30737,26605,37,1,0,1,0.38,1
60353,60,3,13,0,6010,23313,0,5,1,1,1,0.1,1
35485,39,3,1,0,25446,17974,8150,16,1,0,2,0.717,0
53735,73,2,1,0,18704,29083,0,3,0,1,1,0.348,1
34892,21,0,24,0,10932,18479,0,13,1,1,2,0.313,1
37769,25,2,3,1,4530,29723,74,29,0,0,0,0.12,1
21866,47,1,19,0,0,7057,15149,19,0,0,1,0.0,1
31535,36,0,22,1,20024,24454,17783,7,0,1,1,0.635,0
22966,26,0,15,2,0,13572,19813,1,1,1,0,0.0,1
30482,60,0,9,0,30701,21272,18885,36,0,0,0,1.007,0
71072,33,1,12,0,0,36616,0,3,1,0,1,0.0,1
31012,68,0,1,2,12859,16340,27741,9,1,0,0,0.415,0
102647,55,0,2,1,4421,75924,22049,19,0,0,2,0.043,1
59866,39,0,18,2,15392,44777,3809,34,1,0,1,0.257,1
53696,32,0,5,2,15318,22517,4376,9,0,1,0,0.285,1
32832,36,1,18,0,20337,13120,136,27,0,0,1,0.619,0
64006,63,2,20,1,0,35082,0,14,1,1,0,0.0,1
38487,30,1,19,1,5835,28870,19990,35,0,1,1,0.152,1
52440,45,0,18,1,26646,24184,22330,0,1,0,1,0.508,1
101201,40,0,7,0,22902,63352,0,21,1,1,2,0.226,1
48078,51,1,13,2,0,31446,0,26,0,1,1,0.0,1
72985,24,1,9,0,19526,50311,0,28,1,0,2,0.268,1
35936,64,1,2,0,2610,20913,11653,14,0,0,1,0.073,1
49300,43,1,5,0,7898,24710,0,9,0,1,1,0.16,1
85416,22,0,14,0,12272,66924,26917,19,0,1,1,0.144,1
37460,42,0,22,2,33688,22688,26019,21,0,0,1,0.899,0
86248,71,0,22,2,2487,57293,16365,8,0,0,0,0.029,1
64155,57,2,17,1,0,30312,22146,31,1,0,2,0.0,1
38750,28,3,13,1,20403,24605,10881,16,0,0,1,0.527,1
62648,27,2,18,0,14663,26869,16977,18,1,0,0,0.234,1
69451,34,1,9,2,29484,29346,0,39,0,1,2,0.425,0
62436,23,0,14,1,10765,41042,30857,26,0,1,0,0.172,1
18595,70,2,3,1,29529,10426,2689,36,0,0,2,1.588,0
35457,36,2,22,2,15195,22750,8067,33,1,1,0,0.429,1
45049,39,2,1,1,21349,19583,47308,9,0,0,1,0.474,1
48511,71,1,2,0,34487,29075,6699,29,0,0,1,0.711,0
62413,38,0,6,3,12993,32577,21091,20,0,1,1,0.208,0
53554,72,0,22,0,27535,32051,17717,20,1,0,0,0.514,1
23293,36,0,15,1,7636,10375,0,33,0,0,0,0.328,1
57603,28,0,9,1,17730,37886,0,8,1,1,0,0.308,1
62211,53,0,18,1,0,43732,40538,33,0,0,2,0.0,1
61195,69,1,16,0,8948,26311,18687,11,1,1,0,0.146,1
71615,32,1,18,0,2303,32248,9746,20,0,0,1,0.032,1
66678,73,2,4,1,29649,42045,1965,19,0,0,2,0.445,1
59183,31,3,22,0,35865,38338,14801,5,0,1,2,0.606,1
48596,25,2,19,1,10743,31687,16227,35,1,1,0,0.221,1
16780,47,0,12,1,5723,10761,13397,11,0,0,2,0.341,1
58592,32,2,12,0,0,29085,26034,30,1,1,0,0.0,1
54153,37,0,10,1,18174,26937,0,1,0,1,1,0.336,1
55431,26,2,10,0,7772,23691,0,15,0,1,1,0.14,1
24465,53,1,15,0,8415,9257,25646,0,0,0,0,0.344,1
28378,25,2,14,1,34555,18340,41690,3,0,1,0,1.218,0
71063,48,2,16,1,11443,24630,22638,0,1,1,1,0.161,1
49208,34,0,21,0,22039,37835,29466,34,1,1,1,0.448,1
63630,25,1,17,1,15635,45390,8877,12,1,0,2,0.246,1
50566,74,0,18,1,0,36850,13991,30,1,0,0,0.0,1
50595,53,1,3,1,0,38114,13789,19,0,1,2,0.0,1
68765,70,1,21,1,20850,34678,9168,6,1,0,1,0.303,1
39679,68,2,21,0,35449,28701,31169,39,0,1,2,0.893,0
51922,61,1,22,0,18779,19680,26737,32,1,1,1,0.362,1
40754,39,3,4,0,22489,12667,4011,27,0,1,2,0.552,1
41310,42,1,6,0,4143,28604,0,19,1,0,0,0.1,1
43816,25,1,1,1,27178,14783,9046,31,1,0,1,0.62,0
54442,22,1,0,2,27030,43241,0,8,1,1,0,0.496,0
40425,50,1,11,0,6645,25766,10355,33,0,1,0,0.164,1
75115,67,1,9,1,21544,50832,0,13,0,1,1,0.287,1
32107,59,0,7,1,0,13578,28847,3,0,1,1,0.0,1
46262,24,3,0,0,23686,29465,20266,28,1,0,0,0.512,1
41205,53,0,11,1,8130,13251,19901,14,1,1,1,0.197,1
78939,33,2,1,2,274,56750,26082,16,0,1,1,0.003,1
53931,40,5,9,0,19831,20753,15866,18,0,1,0,0.368,1
70636,74,0,21,1,0,45820,18202,37,0,1,1,0.0,1
20288,27,2,16,0,19108,8363,31520,8,1,0,1,0.942,0
55341,35,1,2,1,1412,18496,7982,26,0,0,0,0.026,1
67792,43,1,6,0,0,36658,19076,14,1,0,1,0.0,1
51645,34,0,11,0,15718,19864,0,36,0,0,1,0.304,1
71309,43,2,7,1,12929,47400,11189,27,0,0,2,0.181,1
39654,39,2,19,1,32481,16606,43889,3,1,1,0,0.819,0
78186,74,0,11,2,0,36844,22222,20,0,0,2,0.0,1
95977,49,1,2,0,31500,56023,8710,33,0,1,0,0.328,1
42743,40,1,16,0,1348,18913,13968,18,0,0,1,0.032,1
41089,49,1,8,1,26033,20092,9685,36,0,0,0,0.634,0
79067,44,1,9,0,28273,55964,13475,3,1,0,2,0.358,1
81591,38,0,21,1,18857,31788,4014,36,0,0,1,0.231,1
39542,30,1,5,0,5508,13487,17423,31,1,1,0,0.139,1
41596,61,1,24,0,0,19307,17954,11,0,0,0,0.0,1
44364,28,1,0,1,0,22722,10099,15,1,0,0,0.0,1
23110,46,1,21,0,37227,13203,12100,13,1,1,0,1.611,0
31626,49,0,11,0,11437,15376,15111,0,1,0,1,0.362,1
29917,30,2,4,0,1743,20790,2091,31,1,0,1,0.058,1
34644,37,1,12,1,1282,11074,17279,20,0,0,2,0.037,1
49306,22,1,14,1,17014,25436,21702,3,0,0,2,0.345,1
54684,26,2,21,1,10261,26856,31972,8,1,0,1,0.188,1
81010,25,0,10,1,0,50533,14775,21,0,0,0,0.0,1
30032,48,2,7,0,25374,23519,1665,11,0,1,0,0.845,0
69686,61,0,4,2,19019,38688,8455,29,0,1,1,0.273,0
45720,25,1,1,1,37078,36276,0,29,0,0,1,0.811,0
49010,38,2,11,1,28689,22109,20910,31,0,0,1,0.585,1
63496,46,2,1,1,0,20028,0,35,0,0,2,0.0,1
27545,40,2,15,0,32003,10545,25369,6,0,1,2,1.162,0
57648,61,1,20,1,29489,28683,27179,16,1,0,0,0.512,1
53329,69,2,2,0,6163,24433,0,0,0,1,0,0.116,1
59849,47,3,9,1,9809,20858,29129,13,1,1,2,0.164,1
55783,69,1,18,0,19940,28802,25409,37,0,0,2,0.357,1
99106,32,2,7,0,2829,46486,5649,25,1,1,0,0.029,1
37245,27,1,6,1,12087,13456,0,26,0,0,1,0.325,0
39380,23,4,0,2,27000,17644,0,15,0,0,1,0.686,0
37537,30,0,11,2,21212,27898,0,6,0,0,1,0.565,0
38890,54,1,4,1,6998,17540,29740,31,0,0,0,0.18,1
37252,45,0,15,2,27273,24473,3264,24,1,1,2,0.732,0
73780,55,0,24,0,18634,44712,23579,30,1,1,1,0.253,1
78410,36,3,3,0,18224,40270,8139,15,0,0,0,0.232,1
38585,22,0,16,0,8820,16186,10826,13,0,1,1,0.229,1
33352,44,3,23,0,14921,16159,0,24,0,0,1,0.447,1
59428,30,0,20,2,5710,35422,0,29,0,0,2,0.096,1
38955,58,0,1,2,0,18518,29396,6,0,0,0,0.0,1
62658,42,3,11,1,11642,25529,7664,11,1,1,2,0.186,1
54058,46,2,0,2,13534,19365,14509,2,0,1,0,0.25,0
19685,63,2,11,1,16647,14564,37095,26,1,1,1,0.846,0
80950,59,5,11,0,29545,42106,8085,18,1,1,1,0.365,1
85917,47,1,11,1,7172,52633,7236,36,1,0,1,0.083,1
37744,49,1,18,0,10586,20578,28091,6,0,0,1,0.28,1
42245,67,0,24,3,24194,31104,10185,15,1,1,2,0.573,0
55717,58,0,16,0,5969,31951,14800,31,1,1,1,0.107,1
56689,40,0,19,1,16844,30634,24952,7,0,0,1,0.297,1
63170,47,4,23,1,10100,48154,10001,12,0,1,0,0.16,1
90204,61,2,23,4,12076,59520,21813,10,1,0,0,0.134,1
46461,74,0,10,2,24097,16529,8262,19,1,0,0,0.519,0
34034,40,2,12,1,10518,13234,24717,17,0,1,2,0.309,1
22413,64,1,7,1,24488,15544,16319,36,0,1,1,1.093,0
35381,39,0,9,0,0,25400,6618,5,0,0,2,0.0,1
49337,40,1,7,1,0,28250,11113,19,0,0,0,0.0,1
85891,55,2,19,0,0,49578,0,31,0,0,1,0.0,1
39647,67,2,7,0,1010,24421,27906,28,0,1,0,0.025,1
54475,22,4,8,0,37282,28302,0,3,1,1,1,0.684,1
49671,50,2,6,0,14789,31794,0,6,1,1,0,0.298,1
73767,73,0,13,3,6344,26131,3429,19,1,0,0,0.086,1
100538,54,1,1,0,24393,78483,0,33,0,1,1,0.243,1
39382,42,0,24,2,26088,26585,17014,35,1,1,0,0.662,0
40211,23,2,10,3,349,24753,15415,6,0,0,1,0.009,1
70883,26,3,7,1,44978,32475,2701,32,0,0,1,0.635,1
63637,35,4,12,0,18315,24212,0,14,1,0,1,0.288,1
86934,47,0,20,0,19828,43873,0,31,0,0,2,0.228,1
61678,30,1,14,0,20966,38905,19221,21,0,1,0,0.34,1
42814,29,2,2,0,20941,26410,0,39,0,1,1,0.489,0
61813,53,1,22,0,7542,30369,3865,28,0,1,2,0.122,1
72174,52,1,13,3,40350,43783,0,24,1,0,1,0.559,0
66409,68,1,14,2,11577,46942,21531,4,1,1,0,0.174,1
60145,26,0,1,2,26490,18833,4956,13,1,0,2,0.44,0
71333,61,3,18,2,9300,37471,18201,34,1,0,0,0.13,1
73385,56,1,11,0,7172,49848,28743,1,1,1,0,0.098,1
77643,22,0,24,0,37822,44495,28996,24,1,0,0,0.487,1
62974,49,1,19,0,13699,39405,0,15,0,1,0,0.218,1
46657,24,1,3,1,14590,26050,14641,15,1,1,0,0.313,1
52934,21,2,2,0,18403,42132,26820,10,0,1,0,0.348,1
74130,39,1,4,1,46221,24263,20447,34,1,0,1,0.624,1
33661,46,1,2,0,41025,18362,21929,22,0,1,0,1.219,0
57373,45,2,24,0,30405,19834,0,4,1,1,0,0.53,1
42133,30,0,14,1,49243,16006,20217,34,1,1,1,1.169,0
50574,73,1,18,0,3665,24858,0,28,1,1,0,0.072,1
75569,35,2,1,0,22870,28547,19970,4,1,1,0,0.303,1
53821,42,4,11,2,15909,42079,19642,2,0,0,1,0.296,1
50928,71,0,4,0,0,39387,18848,5,0,1,0,0.0,1
22802,68,2,21,1,20557,10672,8340,22,0,1,0,0.902,0
64925,41,2,16,0,9110,40245,29741,1,0,1,1,0.14,1
62909,42,1,13,2,33402,35661,17654,17,0,1,1,0.531,1
93265,56,1,21,3,10259,66012,14822,29,0,0,1,0.11,1
43844,54,1,9,0,9577,26908,0,37,0,0,2,0.218,1
54383,50,2,2,1,33396,16321,15941,4,1,1,1,0.614,0
54987,45,1,3,2,14214,37478,39680,10,1,0,1,0.258,1
81549,65,0,5,1,28954,54917,0,0,0,0,0,0.355,1
48094,48,1,23,2,20092,26685,20951,9,0,0,1,0.418,0
55580,21,1,24,1,20253,41766,22843,25,0,0,0,0.364,1
62157,69,1,21,1,12071,46880,35882,32,0,1,1,0.194,1
53732,65,1,15,0,21026,30195,20886,26,0,1,1,0.391,1
41071,24,3,6,1,13422,24806,10160,11,0,0,1,0.327,0
53881,27,0,14,0,5354,43011,16339,1,0,0,2,0.099,1
71472,69,0,20,0,13748,32120,5979,0,0,0,2,0.192,1
29469,29,0,24,0,30453,13623,28288,0,0,0,0,1.033,0
52659,56,1,19,3,21432,20610,0,32,0,0,0,0.407,1
35997,39,0,10,1,24221,26923,2681,21,1,1,2,0.673,0
73900,21,0,21,1,15017,49678,16692,11,1,0,1,0.203,1
19536,30,0,20,0,0,6892,27563,38,0,1,1,0.0,1
38821,56,0,0,1,342,30702,9793,35,0,1,1,0.009,1
57544,29,0,4,2,11531,38294,0,20,0,1,1,0.2,1
81310,65,1,12,0,1379,58970,6836,19,0,0,2,0.017,1
48684,66,0,20,2,8707,15777,4495,35,0,1,1,0.179,1
38896,62,1,13,0,8273,21489,5185,25,0,0,1,0.213,1
87623,52,0,8,1,8635,56893,3472,30,0,0,1,0.099,1
21039,52,0,16,0,32246,12023,3478,0,0,0,2,1.533,0
6023,26,2,14,0,14364,3814,0,37,1,1,1,2.384,0
58800,68,0,20,4,26216,41685,14502,13,0,0,1,0.446,0
39958,58,1,6,0,16967,19466,20121,25,0,1,2,0.425,1
29575,37,0,21,1,31988,21422,32475,6,0,1,1,1.082,0
64167,30,3,21,1,27251,24477,22906,11,0,1,0,0.425,1
54876,70,0,11,0,7901,23895,22140,23,1,1,1,0.144,1
38718,47,0,22,2,38539,12454,14440,18,1,0,1,0.995,0
24393,74,1,5,1,9545,11762,0,8,0,0,0,0.391,0
67449,70,3,20,0,17400,33046,14202,34,1,0,1,0.258,1
63004,55,1,15,1,19524,44268,11685,3,1,1,1,0.31,1
48016,72,1,4,1,20860,30085,25448,31,0,1,1,0.434,0
86932,41,0,8,1,24554,45062,18512,5,0,1,1,0.282,1
28598,45,0,13,0,5918,17903,8051,27,1,0,1,0.207,1
19489,48,1,7,0,23548,6361,39372,27,0,1,2,1.208,0
36161,67,2,13,2,21973,14107,22726,39,0,1,0,0.608,0
49088,35,1,11,1,15005,30114,15097,28,0,1,0,0.306,1
54866,24,4,9,0,12723,34054,16829,4,1,1,1,0.232,1
45175,49,0,19,1,5302,31038,10917,4,1,0,1,0.117,1
57041,29,2,19,3,20764,28606,10247,36,1,0,0,0.364,1
24969,47,0,20,2,7074,16511,0,27,1,0,0,0.283,1
78875,46,1,12,2,17854,50636,0,8,1,1,1,0.226,1
48356,39,1,18,3,13784,37799,1886,28,1,1,0,0.285,1
72345,48,0,14,2,0,29485,16759,13,1,0,1,0.0,1
56854,37,0,7,1,3798,32738,0,37,1,0,1,0.067,1
59135,63,3,22,1,19857,35533,2182,39,0,0,1,0.336,1
61395,61,0,20,0,8708,49074,260,33,1,1,0,0.142,1
58954,62,2,9,0,8298,23616,11751,36,1,0,1,0.141,1
62854,70,1,2,1,5832,35299,16796,13,1,0,1,0.093,1
76583,40,0,20,0,6239,36230,312,17,1,0,2,0.081,1
53930,65,0,2,1,34711,30359,1390,32,1,0,2,0.644,0
64180,60,1,4,2,1560,26703,0,33,1,1,0,0.024,1
48205,59,3,15,0,32674,15609,4148,27,0,1,0,0.678,0
78802,69,0,16,2,11031,46200,9232,35,0,0,0,0.14,1
36472,73,0,5,2,7154,17066,29726,36,0,1,0,0.196,1
86018,43,0,19,0,19605,33630,0,22,0,0,1,0.228,1
49196,67,3,19,0,15636,22726,36262,16,0,1,1,0.318,1
21384,52,1,15,0,12630,6942,0,10,0,0,0,0.591,1
52562,72,0,23,2,17638,40747,24319,31,0,0,1,0.336,1
36378,67,2,1,1,15446,21483,2863,36,1,1,2,0.425,0
66812,53,2,19,0,12412,47261,0,14,0,0,1,0.186,1
36947,66,1,14,1,26228,18900,29753,3,1,0,0,0.71,0
41076,25,0,17,0,0,30875,11226,38,1,1,1,0.0,1
12209,63,2,0,0,4024,6613,10652,29,0,1,1,0.33,0
40953,68,2,18,0,5541,24038,5843,9,0,0,2,0.135,1
5000,54,1,11,2,2304,2729,1278,22,1,1,0,0.461,0
18321,60,1,7,0,16031,12213,7347,23,1,1,1,0.875,0
65208,31,1,5,2,21065,38037,0,35,0,1,1,0.323,1
65716,70,1,11,0,0,28638,0,4,0,1,1,0.0,1
58509,23,1,6,2,9311,21810,15884,36,0,1,1,0.159,1
30660,53,0,17,1,11140,18489,27741,18,0,0,0,0.363,1
49045,31,3,21,1,11569,26709,30453,36,0,0,1,0.236,1
49927,36,2,13,1,0,17373,0,7,0,0,0,0.0,1
26832,38,0,7,0,11240,13357,12892,6,1,0,0,0.419,1
80067,50,3,23,0,4066,44628,0,39,1,1,1,0.051,1
67547,68,1,19,1,10987,48191,4729,12,1,0,0,0.163,1
45580,30,2,21,0,0,15408,22355,36,1,0,0,0.0,1
50537,38,1,13,0,11069,23967,9737,26,1,0,1,0.219,1
54167,58,2,4,1,6371,38530,5023,17,1,0,1,0.118,1
9165,39,1,8,0,11850,5720,9800,23,0,1,0,1.293,0
45056,56,0,7,0,18609,20048,29242,1,0,0,1,0.413,1
36360,33,2,1,2,14463,26276,6329,15,1,1,0,0.398,0
29967,66,0,15,2,24520,16381,11089,13,1,0,0,0.818,0
44377,23,1,12,1,10670,24370,32790,16,0,1,1,0.24,1
85953,30,1,6,0,22426,67756,6575,5,0,1,0,0.261,1
62816,58,3,15,1,28499,48591,0,34,1,1,2,0.454,1
38576,21,0,6,0,18285,18488,30526,16,0,1,0,0.474,1
61451,47,0,13,0,14750,22754,25233,37,0,1,1,0.24,1
77987,66,2,13,1,19972,36094,0,39,1,1,2,0.256,1
68492,28,2,11,2,18709,21591,8047,5,0,1,2,0.273,1
51192,71,0,0,0,27014,15889,9667,37,1,1,1,0.528,1
37061,66,0,0,1,24525,18447,30529,20,1,1,2,0.662,0
63964,62,0,11,0,24669,49284,9784,34,0,1,2,0.386,1
57869,37,2,19,0,15528,42572,12488,22,0,1,0,0.268,1
67903,29,3,20,1,19094,37735,12954,11,0,0,1,0.281,1
62703,26,0,14,0,18870,36531,3008,28,0,0,0,0.301,1
70991,63,2,3,0,511,21507,29458,26,1,1,1,0.007,1
39295,45,1,6,0,27826,16022,0,5,0,0,1,0.708,0
76347,59,4,15,2,0,23849,2718,20,0,1,0,0.0,1
53951,69,1,2,0,23546,36539,9910,6,0,0,1,0.436,0
91505,48,2,6,0,18203,34115,0,15,0,0,0,0.199,1
36216,53,2,23,1,11588,26601,36481,4,0,1,2,0.32,1
84719,74,2,21,1,19694,52666,9987,14,1,1,0,0.232,1
53958,57,2,5,1,20022,22376,22369,20,0,1,1,0.371,1
36971,29,1,15,0,0,14006,0,3,0,0,0,0.0,1
40322,38,1,23,1,31993,24750,20676,4,0,0,0,0.793,0
43593,41,1,7,0,15865,32712,21948,6,1,0,1,0.364,1
58483,22,4,22,1,42776,38550,24113,34,0,0,0,0.731,1
60456,63,0,21,0,24477,28672,38574,35,1,0,1,0.405,1
38525,58,0,5,0,15592,22871,1626,14,0,1,2,0.405,0
49512,60,2,9,1,6719,22546,7200,27,1,0,0,0.136,1
92845,56,1,15,1,13669,74236,0,1,0,1,2,0.147,1
84550,70,0,10,0,16797,57022,8556,4,1,0,0,0.199,1
58726,63,4,12,0,32585,35657,19961,6,1,0,0,0.555,1
50760,57,1,5,1,29719,25970,19153,21,1,0,0,0.585,1
52400,35,0,23,0,20417,31915,34611,30,0,1,2,0.39,1
62270,48,3,0,0,36230,29317,17352,31,1,1,0,0.582,0
29544,38,0,20,1,0,9289,10008,7,1,0,2,0.0,1
44852,54,1,18,1,20553,22315,0,10,0,1,2,0.458,1
16628,42,1,11,0,30067,12724,22994,0,0,1,0,1.808,0
57984,31,0,23,1,21569,35552,7652,39,1,1,1,0.372,1
62943,33,2,5,3,0,21525,23335,18,0,1,1,0.0,1
40336,24,0,17,1,31673,29949,3628,37,1,0,0,0.785,0
81479,42,1,12,2,24136,35397,28010,36,0,1,0,0.296,1
25484,27,2,6,0,19116,10751,15794,6,0,1,1,0.75,0
20712,63,1,22,0,16060,9290,24883,38,1,1,1,0.775,0
54489,74,1,12,1,38924,32072,15787,24,0,1,1,0.714,0
70941,44,1,20,0,20334,40602,0,21,1,0,0,0.287,1
83678,24,2,7,0,12096,45663,4519,26,1,0,0,0.145,1
40822,48,1,20,1,5263,26892,0,37,1,1,2,0.129,1
71573,35,1,16,1,24090,32799,12769,38,1,1,0,0.337,1
49229,21,0,8,2,26834,34018,0,14,1,0,1,0.545,0
46547,23,1,19,1,15678,18044,14408,1,0,0,0,0.337,1
67673,34,5,12,0,8306,46783,0,7,1,1,2,0.123,1
63046,58,1,1,1,30960,39839,22148,5,0,0,2,0.491,0
18472,70,1,3,0,4351,11851,0,19,0,0,0,0.236,0
79530,21,2,24,0,38633,43007,0,26,0,0,0,0.486,1
77601,58,1,1,0,6185,49160,30578,22,1,1,1,0.08,1
37488,58,2,3,1,0,12742,14796,39,0,1,0,0.0,1
57916,41,0,17,2,1195,42034,22695,16,0,1,1,0.021,1
59880,68,0,4,0,1683,19627,0,12,1,1,1,0.028,1
55213,49,0,18,1,12160,20670,24428,3,0,0,0,0.22,1
38993,25,2,9,0,9381,22943,7938,19,1,0,0,0.241,1
36567,69,3,17,0,27295,24489,11764,24,1,1,1,0.746,1
49488,30,1,24,2,25584,16733,32354,21,0,0,1,0.517,1
73454,48,0,20,0,12317,55853,0,16,0,0,0,0.168,1
60872,41,0,9,2,52240,47894,23695,39,1,1,1,0.858,0
42587,70,3,4,1,12158,25678,15781,10,0,0,1,0.285,0
65433,27,1,16,1,13757,35374,6803,24,0,1,1,0.21,1
5000,23,0,21,0,0,3353,0,4,0,1,0,0.0,1
72975,65,4,12,1,14033,33873,6635,20,0,1,0,0.192,1
15205,67,0,22,1,18568,8311,0,25,0,0,2,1.221,0
42751,40,1,16,2,789,32408,27802,15,0,0,2,0.018,1
27606,39,2,8,1,9015,21472,11376,39,1,1,1,0.327,1
24106,55,0,23,1,18924,18405,0,20,0,1,0,0.785,0
73216,24,0,11,1,8701,31572,0,31,1,0,1,0.119,1
40645,25,1,13,0,6190,16917,3054,3,0,1,2,0.152,1
56930,21,2,13,0,24385,25552,28543,37,0,1,0,0.428,1
49061,24,0,7,0,0,25543,11671,7,1,1,0,0.0,1
59540,32,0,22,2,1944,27214,7297,8,1,0,1,0.033,1
51536,47,1,4,0,17128,25103,35480,16,1,0,2,0.332,1
24340,62,1,18,1,25153,14855,3781,12,1,0,0,1.033,0
69925,43,2,13,2,18666,47637,0,8,1,0,1,0.267,1
40124,45,1,8,0,12313,26793,16061,5,0,1,1,0.307,1
18868,41,0,6,0,11335,13343,16293,26,1,0,1,0.601,0
41437,72,3,7,1,27125,13097,1198,36,1,1,1,0.655,0
80015,44,3,13,1,25308,25914,0,38,1,0,1,0.316,1
67004,45,3,21,2,15598,46547,31706,23,1,1,0,0.233,1
43026,65,1,13,1,11668,24375,3505,8,1,0,0,0.271,1
43014,66,1,10,1,15423,25338,0,10,0,0,1,0.359,1
43567,52,2,13,0,6273,14215,12893,34,1,0,0,0.144,1
91534,52,0,20,2,13197,39145,23418,28,1,1,1,0.144,1
57638,25,0,7,1,9125,35688,7140,7,1,0,1,0.158,1
58600,56,1,2,0,13789,42754,18056,16,1,0,0,0.235,1
70605,66,0,22,0,9555,53553,0,6,0,0,1,0.135,1
54775,62,0,17,0,21287,30137,19423,11,1,1,1,0.389,1
44819,69,1,2,0,24820,25669,0,14,1,1,0,0.554,0
46073,62,1,12,0,10443,33012,14577,28,1,1,1,0.227,1
48567,59,1,11,0,5257,27625,21515,23,0,1,2,0.108,1
49255,36,1,14,0,23539,27505,11480,36,1,0,1,0.478,1
64552,53,4,17,1,17217,48578,0,13,0,1,1,0.267,1
51038,69,2,4,1,10599,35469,0,10,1,0,0,0.208,1
64652,41,2,6,1,31506,48782,33896,34,0,0,0,0.487,1
48385,29,0,10,2,8219,19795,0,16,1,1,0,0.17,1
51572,26,0,10,0,0,28993,21476,26,0,1,1,0.0,1
10035,71,1,14,0,6504,7237,11775,2,0,0,0,0.648,0
68326,65,0,9,1,34420,24294,0,1,1,0,0,0.504,1
56929,55,0,14,1,11187,39698,2008,3,0,1,1,0.197,1
69960,59,2,12,2,8814,27388,35497,17,1,1,0,0.126,1
5000,42,0,13,1,15319,3520,62344,19,1,0,0,3.063,0
91767,61,0,16,2,27132,55610,5240,20,1,0,1,0.296,1
47208,74,2,12,1,14005,18723,4204,13,0,1,0,0.297,1
72163,25,0,9,1,22096,38728,0,7,1,1,1,0.306,1
29201,62,2,24,0,12728,18716,0,1,0,1,0,0.436,1
62255,43,0,0,1,22190,38406,0,25,1,0,0,0.356,1
28931,37,2,0,1,17163,14859,3324,18,1,0,2,0.593,0
37524,32,2,14,0,10224,28131,9618,27,0,0,2,0.272,1
88280,43,2,15,1,18097,49404,20352,28,0,1,2,0.205,1
46186,36,1,11,1,8489,25537,13313,4,0,0,2,0.184,1
54348,23,1,23,0,0,17995,20600,27,1,0,1,0.0,1
67401,50,2,5,1,14761,51296,790,25,0,0,1,0.219,1
59913,42,2,5,0,0,23279,8938,4,1,1,1,0.0,1
53008,29,2,11,0,22169,29905,4538,14,1,0,1,0.418,1
57299,49,1,24,2,14550,40211,0,8,1,1,1,0.254,1
98068,67,0,14,0,32079,39984,0,31,1,1,0,0.327,1
48847,57,2,3,1,11037,27534,0,25,0,1,2,0.226,0
54021,43,1,23,1,14759,22707,0,36,1,0,1,0.273,1
71013,33,2,3,0,0,48278,0,14,1,1,2,0.0,1
72110,52,0,1,1,1750,41980,18177,3,1,0,0,0.024,1
73740,66,3,23,1,0,53681,12702,35,0,0,0,0.0,1
62774,72,1,11,0,27929,46909,10321,19,0,1,0,0.445,1
27139,67,2,6,1,9485,16944,27707,26,0,0,1,0.349,1
82668,68,1,19,1,30924,54783,0,20,0,1,0,0.374,1
27073,43,2,8,1,0,15556,20229,21,0,0,0,0.0,1
56052,65,1,8,0,33576,27589,0,6,0,1,0,0.599,0
34914,37,1,7,2,14183,21788,14161,30,1,1,0,0.406,1
48717,60,1,13,1,19078,36739,12303,16,0,0,1,0.392,0
56575,41,2,0,0,2244,28759,13112,6,1,1,2,0.04,1
56427,22,2,22,0,21327,25798,4199,18,0,1,0,0.378,1
58438,57,0,20,0,10513,28881,14789,27,1,0,1,0.18,1
82274,26,1,22,0,672,42593,15962,9,1,0,0,0.008,1
59070,64,0,11,1,508,19893,0,26,1,0,0,0.009,1
45116,38,1,24,1,295,24778,22727,12,1,1,1,0.007,1
69281,50,0,1,0,19562,37907,0,1,0,1,1,0.282,1
73789,42,0,12,1,7372,43847,0,21,1,1,2,0.1,1
25447,74,0,3,1,0,12250,13629,19,0,0,1,0.0,1
61948,53,0,19,0,19431,37574,18968,4,0,0,2,0.314,1
64023,50,1,17,0,0,47319,13300,5,0,0,0,0.0,1
44048,37,1,18,1,30948,34257,14883,34,0,0,0,0.703,0
77514,63,1,15,2,38836,45873,0,0,0,1,0,0.501,1
46998,52,2,13,2,0,15100,2144,34,1,1,1,0.0,1
52511,62,2,7,0,27629,41201,0,2,0,0,0,0.526,0
46538,71,3,11,0,19189,30386,0,35,1,1,0,0.412,1
50311,34,4,8,0,8999,23544,0,6,1,0,1,0.179,1
28074,30,1,5,0,9559,10487,10199,28,0,1,0,0.34,0
21198,67,0,17,2,22853,7879,45341,14,0,0,0,1.078,0
81890,71,1,1,2,14520,31435,21401,10,1,1,0,0.177,1
33060,56,0,22,0,0,10671,0,17,0,0,0,0.0,1
30172,54,1,7,2,39876,22661,0,3,0,1,1,1.322,0
6932,29,2,23,0,20198,3953,0,23,1,0,1,2.913,0
37220,62,0,13,0,14375,24192,0,10,0,0,0,0.386,1
23538,48,0,5,0,6378,16807,5762,5,0,0,0,0.271,1
82840,31,1,9,1,12732,57637,13431,17,0,0,2,0.154,1
70196,34,1,7,0,30230,52036,0,14,0,1,1,0.431,1
36236,59,1,16,2,18139,28395,6654,2,0,1,1,0.501,0
95048,67,1,24,1,19504,49380,13303,16,0,1,1,0.205,1
69635,74,1,11,1,9,53978,20484,32,0,1,0,0.0,1
43503,39,1,16,0,10804,28783,12341,33,0,0,2,0.248,1
5000,74,1,12,2,15612,1676,14956,29,1,1,1,3.122,0
95818,35,0,18,1,23358,61408,9438,18,0,0,0,0.244,1
22208,48,0,11,1,10010,14287,0,8,1,1,1,0.451,1
17092,44,2,15,1,26134,12869,0,39,0,0,0,1.529,0
70451,28,0,24,1,1267,34272,0,30,0,1,0,0.018,1
98795,63,0,4,2,15834,58531,32480,26,1,0,2,0.16,1
77685,29,0,24,1,13828,23778,0,24,1,0,2,0.178,1
61278,67,0,15,2,0,28557,24281,6,0,0,0,0.0,1
61895,53,2,24,1,14427,20494,0,6,0,0,0,0.233,1
67068,53,1,5,2,8008,37620,21511,19,0,0,1,0.119,1
65178,39,1,10,1,31965,46193,24581,35,1,0,0,0.49,1
55623,23,4,16,0,10076,22428,27279,18,0,1,1,0.181,1
52084,30,1,22,1,19210,29360,0,1,0,0,1,0.369,1
48748,60,2,13,1,227,19596,12464,33,1,1,1,0.005,1
34920,67,1,5,0,17838,12583,990,16,1,0,1,0.511,0
44386,62,4,24,1,10019,24656,0,23,1,0,1,0.226,1
16140,21,4,22,1,5684,5480,10657,8,0,1,2,0.352,1
48033,49,3,10,0,49006,28516,22208,0,1,1,0,1.02,0
30228,70,0,11,0,10758,9542,1072,27,1,0,2,0.356,1
27928,54,1,12,0,12456,9868,14937,14,1,1,0,0.446,1
53597,71,0,3,1,25823,30818,0,20,1,0,0,0.482,0
77840,33,0,6,2,5778,46369,0,14,1,1,0,0.074,1
68366,74,1,1,1,19839,21500,5133,22,0,1,1,0.29,0
18589,21,1,5,0,21123,10905,6032,1,0,0,0,1.136,0
30207,54,4,5,2,17936,21726,20016,35,1,1,2,0.594,0
68815,49,2,17,1,42556,45497,0,8,0,1,1,0.618,1
30350,68,0,19,0,5348,11095,42379,1,0,0,0,0.176,1
45507,67,1,7,2,33451,27132,0,1,0,1,1,0.735,0
61001,33,1,7,1,20665,38804,13421,17,1,1,2,0.339,1
30633,68,1,7,0,25913,9760,5723,16,0,1,1,0.846,0
52107,69,0,7,2,19094,37916,274,7,1,0,0,0.366,1
23319,73,1,0,0,37539,17562,7373,33,0,1,2,1.61,0
37972,49,3,1,0,11159,27538,20082,33,0,0,1,0.294,0
56395,59,1,11,1,20966,40171,22412,4,0,0,0,0.372,1
18140,44,0,14,3,30665,12198,6736,28,0,0,0,1.69,0
58809,46,1,3,1,8293,36268,14976,27,1,1,1,0.141,1
49607,37,0,24,0,27005,31714,0,15,1,1,2,0.544,1
61049,27,2,2,0,14776,42929,7235,13,1,1,0,0.242,1
54478,33,0,13,0,181,34389,15915,1,0,1,0,0.003,1
77282,25,1,21,1,0,35848,0,39,0,0,2,0.0,1
52504,46,1,22,0,13910,25620,11213,3,0,0,0,0.265,1
41411,69,2,7,1,26890,30997,7476,30,0,1,2,0.649,0
52445,23,2,12,1,0,16182,29047,25,0,1,0,0.0,1
60865,27,1,22,0,17405,39526,12506,26,1,1,1,0.286,1
50977,69,0,18,1,25708,39628,17197,33,0,0,0,0.504,1
50811,59,2,21,1,0,33185,5927,30,0,0,2,0.0,1
35960,73,1,4,0,7392,28658,19480,10,1,0,1,0.206,1
36741,21,3,12,0,21868,23652,18434,7,0,0,2,0.595,0
21947,69,2,19,0,25182,6961,0,11,1,0,1,1.147,0
84991,37,0,0,0,34249,60641,14664,34,1,1,0,0.403,1
25122,63,1,15,1,7963,11111,27733,33,0,1,0,0.317,1
36141,45,0,22,0,5213,18902,24756,12,0,1,1,0.144,1
35631,23,0,23,0,34832,16249,10410,26,1,0,1,0.978,0
67898,35,2,1,4,5940,29486,14825,7,0,0,2,0.087,1
44101,49,2,6,0,21087,22743,23723,20,0,1,0,0.478,0
74954,73,0,5,1,41197,36680,0,10,1,1,1,0.55,1
36530,63,3,4,1,24032,22526,17115,21,0,1,2,0.658,0
55579,52,0,3,2,24399,39270,0,20,0,1,0,0.439,0
33293,46,2,1,1,30336,14933,22935,27,1,1,2,0.911,0
92902,36,0,9,0,21298,37798,4228,2,1,0,1,0.229,1
26248,45,2,21,0,24456,16626,8703,6,0,0,1,0.932,0
56196,74,2,4,0,10888,35693,1669,13,0,1,0,0.194,1
62675,48,3,17,0,28919,47041,9384,14,0,0,0,0.461,1
58275,29,0,9,1,19961,17947,13830,8,0,0,0,0.343,1
46294,21,0,22,1,0,33633,21314,6,1,0,2,0.0,1
47403,49,3,21,0,17915,26569,29492,11,1,0,2,0.378,1
50876,42,2,14,4,0,31067,10728,18,1,1,0,0.0,1
47059,36,2,8,0,23566,16267,0,26,0,0,2,0.501,0
69277,61,2,10,3,12197,35768,29584,17,0,0,1,0.176,1
94210,71,1,20,1,37866,38970,0,12,0,1,2,0.402,1
38850,64,3,24,2,20875,16593,3666,0,0,1,0,0.537,0
22603,71,2,24,0,26090,12477,2644,37,0,1,0,1.154,0
48234,74,3,16,0,2409,34064,10173,20,0,1,1,0.05,1
101594,61,1,20,0,23214,68260,0,33,0,1,0,0.228,1
33926,27,1,8,0,7312,20202,0,12,1,1,1,0.216,1
82782,34,0,22,1,28086,47161,9677,22,1,0,1,0.339,1
83554,49,0,15,0,1579,42917,0,0,0,0,0,0.019,1
38928,39,0,5,0,16317,30611,30191,22,0,1,0,0.419,1
61379,39,1,21,1,1105,35605,1736,27,1,1,2,0.018,1
82567,22,3,10,0,16509,35254,0,31,1,1,0,0.2,1
42417,61,1,22,0,39269,17604,35077,7,0,1,0,0.926,0
45928,65,1,16,0,23655,27817,17049,25,1,1,1,0.515,1
38366,35,0,3,1,14608,21539,50754,13,1,0,1,0.381,1
29704,23,1,14,1,0,9025,0,23,0,0,1,0.0,1
37014,31,2,0,0,8571,26466,13116,28,0,0,1,0.232,0
25521,73,1,21,1,20695,16641,17284,3,0,0,0,0.811,0
50681,66,1,19,1,8869,31975,10417,17,0,0,0,0.175,1
34600,50,2,0,1,32125,11569,4569,13,0,0,1,0.928,0
54675,60,4,8,1,15858,26300,28684,26,1,1,2,0.29,1
18882,38,1,11,0,27943,14495,16995,2,1,1,1,1.48,0
56617,71,0,3,1,17458,41403,0,29,0,1,0,0.308,1
66670,68,2,21,1,11688,29519,0,35,0,0,0,0.175,1
10125,22,0,12,0,9344,3832,0,22,1,0,0,0.923,0
57481,52,1,6,1,2854,30151,8182,17,0,1,1,0.05,1
74553,28,0,7,0,28159,35630,24232,39,0,0,0,0.378,1
25807,42,0,12,0,9863,16545,4311,9,1,1,0,0.382,1
83451,26,1,10,3,21267,65360,6203,11,0,0,1,0.255,1
58380,32,0,8,2,8691,28110,0,7,0,1,1,0.149,1
35899,67,1,24,1,2003,11886,21420,31,0,0,1,0.056,1
48884,60,5,23,0,21661,36604,28489,16,0,0,1,0.443,1
61166,56,2,15,0,6039,19510,9513,13,0,0,1,0.099,1
51520,35,0,9,0,10194,39999,33700,36,0,1,0,0.198,1
60775,48,2,10,1,15,38427,1838,8,1,0,1,0.0,1
31586,72,2,11,0,9082,24347,0,25,0,1,0,0.288,1
53387,69,3,13,0,15289,21345,22065,23,0,0,0,0.286,1
21725,65,3,18,1,11550,6959,8561,22,0,0,1,0.532,0
47775,38,2,11,1,24818,25994,1281,30,0,1,1,0.519,1
31921,22,0,17,0,16746,16768,11150,38,1,1,1,0.525,1
35289,33,2,20,0,52047,16435,0,1,0,1,1,1.475,0
74721,65,0,16,1,20091,58194,0,17,1,0,2,0.269,1
71826,74,0,2,0,0,51089,11388,15,0,0,1,0.0,1
62182,35,1,0,1,12445,39223,16515,28,0,1,1,0.2,1
28153,40,1,18,0,13485,10738,30907,10,1,0,1,0.479,0
43671,49,2,3,1,7636,29135,23299,1,0,1,0,0.175,1
74261,62,4,22,1,15871,49272,19530,13,1,0,0,0.214,1
52834,49,0,15,2,7279,27079,29056,3,0,1,1,0.138,1
96386,23,1,11,0,18993,73484,17348,38,0,0,0,0.197,1
57866,39,1,20,0,0,22190,4836,33,1,0,1,0.0,1
53840,23,2,20,0,28729,23348,23685,38,1,1,1,0.534,1
43817,74,1,12,2,0,14530,23134,8,1,1,2,0.0,1
52670,34,0,16,0,11837,36749,9882,39,1,1,2,0.225,1
46950,60,3,7,0,6207,28680,0,6,1,1,0,0.132,1
64162,24,2,12,0,18671,29352,0,16,0,1,1,0.291,1
69134,72,3,19,0,12801,26402,22635,22,0,1,0,0.185,1
34280,31,2,4,2,18019,10972,17180,10,0,1,0,0.526,0
23375,51,2,17,0,28334,8961,19286,21,0,1,1,1.212,0
13275,63,0,14,0,24223,6991,23196,17,0,0,0,1.825,0
60159,52,1,11,1,15435,25482,0,27,1,1,0,0.257,1
27932,47,3,16,2,20514,11996,0,15,0,1,2,0.734,0
6942,50,3,24,1,38520,5121,17737,3,1,1,2,5.548,0
57771,63,1,14,1,24650,32211,27966,35,0,1,1,0.427,1
99859,22,3,1,0,11477,66368,15277,21,0,0,2,0.115,1
49878,69,2,5,1,30334,15853,0,10,1,0,1,0.608,1
66769,29,1,16,0,19695,32221,13610,20,0,0,0,0.295,1
51636,48,0,15,0,3446,27861,0,39,0,0,1,0.067,1
48022,51,0,16,0,12831,18882,0,15,0,0,1,0.267,1
68381,54,0,24,0,0,24623,9884,8,1,1,0,0.0,1
44194,35,1,19,0,0,32489,12437,34,0,1,2,0.0,1
55347,68,0,8,0,3611,42601,8520,33,0,1,1,0.065,1
56433,45,3,4,0,16470,19153,16572,8,1,0,0,0.292,1
36638,56,1,22,1,16506,17385,0,12,0,1,0,0.451,1
69840,28,1,0,0,0,54415,11285,5,1,1,0,0.0,1
46500,29,1,5,2,0,15883,2719,3,0,0,2,0.0,1
34885,57,2,23,0,32649,21692,6224,27,0,1,1,0.936,0
60730,68,0,13,1,16143,47740,14026,10,1,1,1,0.266,1
32030,65,3,16,2,33668,25275,25894,33,1,0,1,1.051,0
50563,59,2,24,2,32983,27082,14384,34,1,1,1,0.652,1
49817,52,3,18,2,23816,18998,19360,4,1,1,1,0.478,1
71717,72,1,0,1,15709,28761,10153,38,0,0,1,0.219,1
59493,37,1,0,1,10228,44310,17314,10,0,1,2,0.172,1
49499,55,0,12,0,23623,37413,25506,11,0,0,2,0.477,1
66355,57,1,13,1,13081,40074,38187,18,1,0,2,0.197,1
77804,39,2,5,0,7924,53146,28161,12,1,1,1,0.102,1
61156,64,2,5,0,0,40972,9173,3,1,0,2,0.0,1
50207,49,3,0,0,14002,31676,27169,13,0,1,1,0.279,0
23763,27,1,13,0,28160,16958,18235,1,0,0,2,1.185,0
28697,48,1,2,2,30111,18443,891,7,1,0,2,1.049,0
43895,29,0,22,1,15639,24888,18442,21,1,1,2,0.356,1
37809,48,3,9,0,4335,15822,0,12,1,0,2,0.115,1
46260,26,0,18,0,25832,31084,18464,20,1,0,1,0.558,1
51132,49,1,18,2,14815,27443,36276,20,0,1,0,0.29,1
60593,37,2,18,0,10611,27109,22339,27,0,1,0,0.175,1
48590,36,1,22,0,0,34060,27949,32,0,1,1,0.0,1
59730,43,0,3,1,40245,38726,4327,28,0,1,0,0.674,0
51289,51,1,19,0,23860,39424,17213,36,0,1,1,0.465,1
10490,23,4,18,1,25154,4014,20472,21,0,1,1,2.398,0
31213,41,0,9,2,4646,19495,5422,25,0,0,1,0.149,0
47118,46,1,24,2,15956,19889,20255,10,1,0,2,0.339,1
25806,56,2,1,0,14022,19400,16820,10,1,0,1,0.543,0
61998,62,2,3,1,24385,21683,20422,33,1,0,1,0.393,1
80615,57,1,23,0,31316,50632,0,18,0,1,1,0.388,1
74375,73,0,5,1,0,51731,29141,36,0,1,2,0.0,1
45731,42,1,6,2,2103,21834,16759,13,0,1,0,0.046,1
79814,62,0,15,0,22748,62020,8227,28,1,0,0,0.285,1
52973,32,2,6,2,8903,38424,8589,18,0,0,2,0.168,1
43258,62,1,17,0,24778,19349,9417,36,0,0,1,0.573,1
37731,33,1,19,0,10523,11461,0,20,1,1,1,0.279,1
43950,31,2,21,2,14,19704,27837,23,0,0,1,0.0,1
42236,74,1,18,1,0,18611,24446,25,1,1,0,0.0,1
53408,36,1,8,2,20809,39788,25454,11,0,0,1,0.39,1
53211,28,1,19,1,21103,41694,32697,18,0,1,0,0.397,1
50060,60,0,9,3,26642,16781,12846,29,0,1,1,0.532,1
58738,60,2,12,0,18934,31462,0,14,1,1,1,0.322,1
73812,65,2,17,1,0,42380,19433,2,1,0,1,0.0,1
68991,22,1,15,3,21041,23902,18874,12,0,0,1,0.305,1
20302,50,2,21,3,0,9922,33307,8,0,0,2,0.0,1
5000,50,0,16,0,0,2292,26231,12,0,1,1,0.0,1
68686,32,2,21,0,0,39015,12009,15,1,0,2,0.0,1
22662,30,2,12,1,0,14290,7835,13,1,0,1,0.0,1
45504,64,2,11,1,18347,29656,25054,7,1,1,1,0.403,1
26597,31,0,9,0,6225,9797,0,18,0,1,0,0.234,1
13960,35,2,0,3,0,9862,13620,31,0,1,0,0.0,0
60829,36,1,7,0,15276,38886,24184,34,0,1,1,0.251,1
65183,37,1,20,2,1728,48531,8184,22,1,1,0,0.027,1
38469,46,1,21,0,26772,20183,4267,20,1,1,1,0.696,1
5000,22,2,17,0,32402,3734,14422,17,0,1,1,6.479,0
39075,70,0,1,0,12388,28637,30241,13,0,0,2,0.317,1
57836,32,0,15,1,31527,30028,16765,15,0,1,2,0.545,0
20421,71,2,11,0,31507,10017,0,23,0,1,0,1.543,0
53667,46,1,8,0,16015,41130,28254,31,1,0,0,0.298,1
49693,43,1,2,1,35801,32677,31174,10,0,1,1,0.72,0
61585,38,0,21,1,7540,47058,0,10,1,0,0,0.122,1
52391,52,0,20,0,0,36594,51978,3,1,0,0,0.0,1
30538,69,2,3,1,0,18464,9990,25,1,1,2,0.0,1
73931,58,0,1,0,6987,26461,24226,4,1,1,2,0.095,1
46829,67,0,7,0,21411,20873,20911,35,1,1,1,0.457,0
49453,23,0,9,2,1142,38791,0,32,1,0,1,0.023,1
31334,58,1,15,0,6890,14404,3227,13,0,1,1,0.22,1
41134,23,1,22,2,6,14258,11015,31,1,0,1,0.0,1
32303,50,0,10,2,7165,21118,0,6,1,0,1,0.222,0
46541,21,0,17,1,31112,31042,22314,9,0,0,1,0.668,0
84234,50,0,21,0,19290,37292,0,1,1,0,0,0.229,1
22561,65,1,13,2,8076,10126,10220,9,1,0,2,0.358,1
17728,52,1,7,5,29645,9474,0,34,1,1,1,1.672,0
79423,48,3,22,2,15307,24692,18682,20,0,1,1,0.193,1
45813,41,2,14,0,16603,31824,0,39,1,1,2,0.362,1
36618,66,2,16,1,28713,16790,0,7,0,1,0,0.784,0
70798,33,0,20,1,10888,51461,1048,17,1,0,0,0.154,1
37887,47,0,17,0,25994,26570,17782,8,0,1,2,0.686,0
86520,56,1,5,1,25139,54568,13323,29,0,1,2,0.291,1
63558,27,2,22,1,13253,29391,25754,3,0,0,1,0.209,1
40241,42,2,13,0,0,22460,11618,34,0,1,0,0.0,1
93146,30,4,22,0,15152,48660,9733,13,0,0,1,0.163,1
37885,59,2,2,0,28647,17784,0,13,0,0,0,0.756,0
64841,73,2,6,0,24837,46949,6649,36,1,1,1,0.383,1
55985,35,2,14,1,35523,30330,9707,19,1,1,0,0.634,1
76034,35,1,20,0,9115,54467,0,28,0,1,2,0.12,1
81230,24,0,23,1,24351,28642,0,22,0,0,1,0.3,1
50640,52,2,15,0,2924,18762,16950,20,0,1,2,0.058,1
34931,43,2,15,0,17419,27548,12692,30,1,1,0,0.499,1
59199,26,2,7,3,28264,35157,6204,31,0,1,0,0.477,0
36445,44,2,6,0,25877,20222,888,6,0,0,2,0.71,0
90267,40,0,5,1,16236,50691,0,12,0,0,0,0.18,1
52730,57,2,1,1,11783,21494,0,22,0,1,1,0.223,1
42693,40,2,21,0,3062,28149,5399,7,0,0,0,0.072,1
53693,32,0,12,3,12290,18383,32334,11,0,0,1,0.229,1
23057,53,1,11,2,0,13526,10553,35,1,0,0,0.0,1
30567,48,0,14,2,10881,17893,25320,15,1,1,1,0.356,0
74008,28,1,8,0,0,56031,0,25,0,1,1,0.0,1
36862,21,1,1,1,0,20756,14247,28,1,0,1,0.0,1
29061,57,2,16,1,25233,10709,0,28,0,0,0,0.868,0
60733,42,2,4,0,23896,35612,0,5,1,1,1,0.393,1
73714,26,1,10,1,11533,25480,21168,36,0,0,1,0.156,1
64379,41,0,21,0,15777,25873,8193,32,1,1,0,0.245,1
69920,52,1,18,0,17386,22063,0,30,1,0,1,0.249,1
34864,55,0,23,1,20523,19406,11470,17,0,0,2,0.589,0
21563,35,1,6,1,19239,7380,0,37,1,0,0,0.892,0
80026,25,0,1,1,0,42789,0,30,0,1,1,0.0,1
43546,66,0,15,0,0,33376,0,15,1,1,1,0.0,1
44983,70,2,11,0,2797,29683,40688,39,0,0,0,0.062,1
76563,68,4,22,0,13148,25932,28185,36,0,0,0,0.172,1
61124,26,1,14,1,26522,25189,0,13,0,0,1,0.434,1
59117,45,0,0,0,17812,37647,7174,38,0,1,1,0.301,1
93300,66,0,24,1,21412,69727,8267,3,0,0,0,0.229,1
37129,60,2,12,0,4237,11749,6009,29,0,0,2,0.114,1
68556,49,0,22,2,14151,48415,41,32,1,1,1,0.206,1
51140,27,2,5,0,15785,29707,21206,35,0,1,0,0.309,1
55371,60,5,12,1,5931,31730,24140,29,0,0,1,0.107,1
80569,33,0,17,1,2165,62755,25735,13,1,0,2,0.027,1
60156,58,1,2,1,12279,40534,14951,22,0,1,0,0.204,1
60765,38,1,0,1,22934,44058,19129,27,0,1,1,0.377,1
71450,22,2,14,1,4140,34081,4832,6,0,0,1,0.058,1
42700,28,2,12,0,12501,24645,0,9,0,1,0,0.293,1
33215,31,0,4,1,31259,20184,0,3,0,1,0,0.941,0
29103,53,1,24,1,8767,13410,0,37,1,1,0,0.301,1
10672,74,2,12,1,15087,6244,6991,12,0,0,0,1.414,0
91124,58,2,21,2,13731,38119,0,20,0,1,0,0.151,1
27935,68,1,4,2,12746,10383,0,32,0,1,2,0.456,0
45574,47,1,18,1,35021,22193,4324,39,0,0,2,0.768,1
44463,40,2,20,1,18669,29774,22961,27,0,1,0,0.42,0
56148,32,2,23,0,0,42565,15014,22,0,0,1,0.0,1
66314,63,3,17,0,33341,35070,0,31,0,0,0,0.503,1
67209,51,1,20,3,18297,41764,10695,4,0,0,0,0.272,1
38338,47,2,21,0,10517,13476,0,25,1,1,0,0.274,1
46657,52,0,9,1,31193,35096,0,38,0,1,0,0.669,0
55651,30,1,23,0,5655,32516,0,25,0,1,2,0.102,1
45026,23,1,7,0,35588,31075,16432,2,1,1,0,0.79,0
82146,65,0,14,1,16119,57273,5757,23,0,0,1,0.196,1
59819,47,2,20,1,27066,25616,7634,33,1,0,0,0.452,1
64697,55,1,24,2,51810,36527,22089,33,1,1,0,0.801,1
63257,51,1,19,2,17161,49355,0,19,0,1,2,0.271,1
73469,35,2,24,1,13838,25333,17001,29,0,0,0,0.188,1
53620,36,0,22,1,2195,34398,39773,19,1,0,2,0.041,1
24063,33,0,21,1,13553,18796,0,17,1,0,0,0.563,0
57993,69,2,3,0,2565,26113,0,37,1,0,1,0.044,1
36972,55,1,1,2,12756,27016,0,19,0,0,2,0.345,0
39427,72,2,23,0,49736,30233,15828,5,0,1,0,1.261,0
61727,31,1,5,0,16435,41575,36194,24,1,0,1,0.266,1
74765,41,3,2,2,8355,31077,35579,2,0,0,1,0.112,1
50425,71,0,6,1,12483,23548,22673,18,1,1,0,0.248,1
56176,74,2,9,0,10057,17858,23189,9,0,1,1,0.179,1
84044,31,3,22,0,27580,60152,16968,4,1,0,0,0.328,1
54815,50,1,5,2,13917,39730,20876,21,0,1,0,0.254,0
102033,68,0,15,1,34306,62888,14556,8,0,0,0,0.336,1
61310,73,2,1,1,11206,29199,0,32,1,1,2,0.183,1
14784,55,0,23,0,11981,5002,35701,14,0,1,0,0.81,0
65066,42,0,16,2,4238,44019,30031,23,0,1,0,0.065,1
57623,58,2,12,1,10399,38219,0,29,0,0,1,0.18,1
75795,51,2,0,0,0,57323,19727,35,1,1,0,0.0,1
63463,34,0,5,1,0,42219,31918,38,1,1,1,0.0,1
47230,44,2,4,1,22496,33738,16280,5,0,0,0,0.476,0
25514,70,3,24,1,0,17170,6919,14,0,0,1,0.0,1
45819,69,1,12,1,19871,28194,31445,37,0,1,1,0.434,0
32989,52,3,22,1,8994,16939,13830,38,1,1,0,0.273,1
38389,56,0,17,0,26274,28832,581,21,0,0,0,0.684,0
61771,52,0,11,0,0,38636,0,2,0,1,1,0.0,1
83398,35,1,6,0,22179,41630,0,28,0,0,1,0.266,1
57893,63,1,14,1,18979,19784,39596,28,0,0,0,0.328,1
26082,55,1,2,1,19350,11615,0,30,1,1,0,0.742,0
58892,23,2,15,0,28486,33678,24459,1,0,0,0,0.484,1
73932,36,0,0,0,15843,32368,0,34,0,0,1,0.214,1
37804,25,0,15,0,0,15522,12504,8,0,0,2,0.0,1
47319,41,1,23,2,20389,26673,16745,21,1,1,0,0.431,1
50293,30,3,11,0,18836,19358,0,18,0,0,0,0.375,1
34302,39,1,18,2,12064,24018,24355,36,0,1,0,0.352,1
62965,45,2,7,0,4898,34138,7026,9,0,0,0,0.078,1
47581,24,1,22,0,10668,27926,18289,20,1,1,1,0.224,1
58390,49,1,11,2,32496,21819,31817,16,0,0,2,0.557,1
32250,39,2,14,2,3961,14908,21094,2,0,1,0,0.123,1
41250,63,2,1,0,0,20833,8577,6,0,1,1,0.0,1
64447,22,3,16,0,0,45377,39160,36,0,0,0,0.0,1
42543,30,0,6,0,14576,29145,9330,35,1,0,2,0.343,1
84539,63,3,12,1,35050,34786,11396,2,0,0,1,0.415,1
42007,45,0,0,2,41458,25544,7545,12,1,0,0,0.987,0
54493,40,1,5,1,22802,22981,0,29,0,0,2,0.418,1
68651,68,0,12,2,3225,54517,0,22,0,1,0,0.047,1
21632,39,2,10,1,4498,16787,1686,6,0,1,1,0.208,0
14783,43,1,9,1,25510,8598,0,29,1,0,2,1.726,0
19486,44,2,15,1,30979,12655,5834,28,0,0,0,1.59,0
75251,31,1,23,2,7296,52729,22392,7,1,0,1,0.097,1
38962,66,2,22,1,32093,25734,3863,9,0,0,2,0.824,0
101163,54,1,19,0,12245,65747,13299,32,0,1,2,0.121,1
38715,48,2,16,0,23571,30169,2411,19,1,1,1,0.609,1
53691,25,2,16,0,28745,32119,48175,28,1,0,0,0.535,1
80842,25,1,3,0,0,49972,32623,28,0,0,1,0.0,1
90121,71,1,4,2,20417,65304,6285,20,1,1,1,0.227,1
91230,41,1,22,3,32143,57926,14082,0,0,0,1,0.352,1
74167,32,1,13,0,8272,49429,0,33,0,0,2,0.112,1
70481,70,1,19,1,2321,29396,6783,31,0,1,0,0.033,1
61850,24,0,9,0,20937,30036,994,13,0,1,0,0.339,1
65567,74,0,13,0,16601,24499,21143,36,0,0,1,0.253,1
38976,69,2,0,0,11072,21549,0,34,0,1,2,0.284,1
33636,62,0,10,0,14973,17755,34866,23,1,0,1,0.445,1
49932,40,1,22,0,0,39874,9018,0,1,1,2,0.0,1
46596,58,1,17,1,19853,28218,0,5,0,0,2,0.426,1
40935,45,1,15,1,34111,28377,10482,3,1,1,2,0.833,0
63927,34,2,17,0,6423,29854,21051,37,0,1,2,0.1,1
69106,31,0,7,0,5058,49464,17806,0,0,0,2,0.073,1
51768,52,2,9,0,17070,31451,12348,30,1,1,2,0.33,1
79550,31,0,9,0,49150,51587,23164,35,0,1,1,0.618,1
27166,38,1,4,0,28198,12149,22247,8,1,0,0,1.038,0
46126,47,1,9,0,13869,26491,22322,22,0,1,0,0.301,1
35663,74,3,17,1,15475,22004,5864,30,0,1,0,0.434,1
12669,38,1,20,0,29386,7532,5760,28,0,1,0,2.319,0
48346,43,1,23,0,4087,36626,6889,20,1,0,0,0.085,1
47565,31,0,5,2,22340,35632,2589,2,1,0,2,0.47,0
80268,41,1,2,1,1590,63049,11585,25,1,0,1,0.02,1
62616,64,3,7,0,26098,39680,9915,5,0,0,0,0.417,0
29516,25,2,8,1,11472,23198,34826,19,0,1,1,0.389,1
87081,43,1,4,2,17408,62370,2427,12,1,0,1,0.2,1
74420,61,2,1,0,10693,32403,0,22,0,0,0,0.144,1
61641,45,1,1,1,23384,31666,19686,14,0,0,2,0.379,0
45470,61,1,6,0,12903,19060,11072,30,1,0,0,0.284,1
30811,74,0,16,0,40895,9307,0,3,0,1,1,1.327,0
42555,30,1,9,2,32026,16767,21731,10,0,1,0,0.753,0
71774,42,1,11,0,0,21677,5815,1,1,0,1,0.0,1
87691,39,1,1,2,17297,57868,32864,15,1,0,2,0.197,1
80864,21,2,9,1,23821,41464,0,30,1,0,0,0.295,1
40223,27,0,19,1,9502,18353,1287,38,0,0,2,0.236,1
27607,24,1,0,2,29549,18796,11914,3,0,0,0,1.07,0
52817,21,1,3,1,28135,37829,30366,27,1,1,1,0.533,0
14631,35,3,12,0,13997,11524,0,15,1,0,2,0.957,0
56463,60,0,11,0,26774,35063,15647,38,0,1,2,0.474,1
47047,32,1,10,1,0,24970,0,24,1,0,0,0.0,1
40679,42,0,9,1,31291,18412,23750,12,1,0,0,0.769,0
18105,42,0,14,1,25638,7444,222,4,0,1,1,1.416,0
60272,70,2,4,0,1947,24498,19281,29,1,1,0,0.032,1
39345,67,0,24,2,18022,19853,20056,0,0,1,1,0.458,1
26601,37,3,16,0,0,21171,0,4,0,1,1,0.0,1
5000,49,0,4,1,5838,1502,13139,13,0,0,1,1.167,0
49449,66,1,1,3,28147,19710,2414,10,0,1,0,0.569,0
85445,34,2,8,1,14845,33682,17477,33,1,0,1,0.174,1
83225,70,4,5,0,14181,54808,0,28,1,1,2,0.17,1
40858,40,1,17,0,15542,19458,1278,17,1,0,1,0.38,1
37955,70,3,13,0,14142,20064,27976,14,0,0,1,0.373,1
59375,68,0,18,0,26849,22224,26816,24,0,1,0,0.452,1
30032,53,0,13,0,7572,15091,0,29,0,0,0,0.252,1
56035,63,1,7,1,20032,19701,36945,1,0,0,0,0.357,1
65321,35,1,16,1,1264,37005,0,39,0,0,1,0.019,1
74538,32,1,2,0,23893,26011,13218,26,0,1,0,0.321,1
47996,60,1,9,1,11143,33369,0,14,0,1,1,0.232,1
45926,74,2,16,2,14508,26788,15570,31,0,1,1,0.316,1
32440,40,1,10,0,10653,21474,6075,19,0,1,1,0.328,1
33462,50,1,7,2,12172,17040,0,13,0,1,0,0.364,0
45470,58,1,0,1,2943,22314,0,26,1,0,1,0.065,1
57347,23,3,12,1,18951,20020,0,2,0,0,1,0.33,1
68271,48,1,20,0,21655,38363,11145,2,0,1,0,0.317,1
33936,46,1,3,2,0,18910,24620,12,1,0,0,0.0,1
79853,50,4,6,0,7843,42645,39382,24,1,0,1,0.098,1
44577,33,1,13,0,15360,29878,7436,17,1,0,0,0.345,1
49572,33,3,4,0,7816,35506,14482,0,0,1,0,0.158,1
35055,22,0,23,0,12326,23675,27793,38,0,0,0,0.352,1
5000,57,1,10,3,34393,1859,3265,4,1,1,0,6.877,0
67680,69,0,16,1,2782,41354,0,1,1,1,2,0.041,1
64736,58,0,4,1,0,22020,39226,29,0,1,1,0.0,1
44373,22,2,19,1,7815,28723,7303,16,0,1,1,0.176,1
51339,56,1,2,2,11062,25203,13260,28,0,0,2,0.215,1
60318,74,0,4,1,9120,22091,0,3,0,1,1,0.151,1
18749,46,1,14,1,18225,13705,2142,8,1,1,1,0.972,0
39418,31,2,18,0,2663,23926,38307,20,0,1,0,0.068,1
65885,28,2,15,0,896,31451,16942,11,1,1,1,0.014,1
24914,64,1,7,1,6906,7856,9569,11,0,0,0,0.277,1
55871,60,2,12,1,7153,31771,30905,3,1,1,1,0.128,1
22868,63,1,15,2,40450,17416,0,27,0,0,0,1.769,0
59328,42,0,2,0,33629,35489,3778,8,0,1,0,0.567,0
49287,40,2,0,1,0,38730,44124,39,0,1,0,0.0,1
17697,28,1,8,1,0,6516,9250,31,1,1,0,0.0,1
73294,49,1,8,2,13970,42814,9146,12,0,1,2,0.191,1
35308,60,1,21,0,37939,24682,27687,33,0,0,0,1.074,0
33794,46,1,16,0,22993,19018,28729,18,1,0,2,0.68,1
54011,50,0,23,2,14605,18662,0,13,0,1,1,0.27,1
72972,37,0,1,0,9527,43158,16419,4,1,0,1,0.131,1
29683,40,0,8,0,27925,17984,36336,26,1,0,0,0.941,0
51233,72,1,23,0,17135,34036,353,27,1,1,2,0.334,1
58576,36,4,18,0,35781,39867,4413,25,0,0,0,0.611,1
63862,66,0,12,2,0,43770,10432,9,0,1,1,0.0,1
53528,63,1,4,1,20083,33814,20415,23,1,0,1,0.375,1
42659,27,3,8,1,8240,17400,0,16,0,1,1,0.193,1
33448,36,1,12,0,19971,16794,0,15,0,1,0,0.597,1
51722,65,1,0,2,18010,35588,13232,16,1,0,1,0.348,0
28557,67,3,24,2,21115,22180,27488,0,0,0,2,0.739,0
5000,68,1,14,2,26730,1697,5320,20,1,0,2,5.345,0
58731,47,2,3,1,31677,33345,844,21,1,1,2,0.539,1
68078,73,0,3,1,38420,31061,7495,4,1,0,0,0.564,0
5000,43,0,19,0,15189,2063,33963,35,0,0,0,3.037,0
29805,44,0,9,1,8491,16479,31,20,0,1,0,0.285,0
62383,29,2,24,0,290,37619,18554,8,0,0,2,0.005,1
91149,55,2,5,0,20218,27790,0,26,0,1,0,0.222,1
50415,71,2,23,0,25019,34791,0,11,0,1,1,0.496,1
35439,40,1,11,1,0,25159,22675,17,0,1,2,0.0,1
46342,57,0,19,1,28735,36274,34515,34,0,1,1,0.62,1
77497,62,1,15,1,13783,30248,23335,14,0,0,1,0.178,1
37080,37,2,2,2,0,22147,0,29,1,1,0,0.0,1
34016,67,1,13,1,4820,17460,3700,32,0,1,1,0.142,1
40345,51,3,0,4,3681,18857,13583,35,0,0,2,0.091,0
30933,28,3,9,0,3894,18028,10893,39,1,0,1,0.126,1
52453,35,1,14,0,21838,36255,0,29,1,1,0,0.416,1
82493,51,0,6,1,25365,25698,0,25,0,0,0,0.307,1
56461,73,1,3,0,35389,44304,0,20,1,1,0,0.627,0
44952,50,3,13,1,6621,31688,8985,36,0,0,1,0.147,1
44163,66,0,23,0,19115,29835,0,30,0,0,0,0.433,1
18736,40,4,15,1,7235,12744,19003,16,1,1,1,0.386,0
67662,59,2,13,1,15241,33460,8605,16,1,0,1,0.225,1
48443,73,1,2,1,0,32738,0,33,0,1,1,0.0,1
46390,32,0,16,0,1521,22888,12903,23,1,0,0,0.033,1
113862,69,1,20,2,24636,85322,0,32,1,0,1,0.216,1
55975,37,1,13,0,0,21752,9218,3,1,1,1,0.0,1
34964,62,0,17,1,22377,15600,0,8,0,1,0,0.64,0
41472,50,0,2,2,6886,23874,0,1,0,1,2,0.166,0
72968,49,0,21,1,0,33536,3189,34,0,1,0,0.0,1
52265,39,0,18,0,0,26765,0,37,0,1,1,0.0,1
21234,66,1,2,1,32561,11598,15764,14,0,1,0,1.533,0
68384,31,3,11,1,0,49795,9720,2,1,0,1,0.0,1
36637,54,0,21,1,14227,20575,41505,30,1,1,1,0.388,1
87465,70,5,4,0,19247,42090,6022,22,1,0,0,0.22,1
71600,27,1,9,1,0,30348,0,11,0,0,1,0.0,1
41053,64,2,8,0,8357,20704,0,7,0,0,1,0.204,1
75620,54,3,0,0,20745,42185,0,20,0,0,1,0.274,1
51357,40,2,12,0,18519,34566,60768,20,0,1,0,0.361,1
67055,70,1,2,2,9473,24174,9449,31,1,0,0,0.141,1
59694,58,1,18,1,17842,24522,26627,16,0,0,1,0.299,1
33072,44,0,10,1,13773,16199,25108,36,1,0,0,0.416,0
37129,30,0,15,1,3355,17829,0,23,0,0,1,0.09,1
70599,52,2,5,1,29405,35008,0,7,0,1,0,0.417,0
43304,72,0,23,0,17489,30172,19634,17,1,0,0,0.404,1
41927,35,2,2,1,0,19373,0,10,0,0,2,0.0,1
30897,57,0,18,1,21260,17022,24664,9,0,0,1,0.688,0
58471,40,3,5,2,7613,35781,8244,25,0,0,1,0.13,1
91250,23,1,7,2,11526,37968,19240,5,1,1,2,0.126,1
28649,57,0,21,1,15098,18889,14551,16,1,0,1,0.527,0
50484,60,1,12,1,5484,28955,15352,22,1,0,1,0.109,1
78244,28,0,11,1,36636,40952,11567,36,1,0,2,0.468,1
48407,60,3,9,0,0,34121,14224,27,1,0,1,0.0,1
59047,64,0,2,0,15680,24902,10691,15,1,1,1,0.266,1
28752,43,2,3,1,19576,21322,0,11,0,0,1,0.681,0
58566,60,0,0,0,15494,33998,4092,20,0,1,2,0.265,1
46257,31,0,12,0,12708,27966,42546,23,0,1,0,0.275,1
69714,66,3,23,4,10475,51416,14711,27,1,0,0,0.15,1
73747,28,1,3,1,5361,52271,27136,36,0,1,0,0.073,1
101791,49,2,21,0,5149,61154,0,20,0,1,0,0.051,1
61592,50,1,10,0,28902,41672,0,32,1,1,0,0.469,1
56515,30,0,18,1,9699,29199,0,1,0,0,2,0.172,1
53887,59,3,10,0,40586,30914,0,36,1,1,1,0.753,0
42936,48,1,11,1,23027,14213,0,18,1,0,0,0.536,1
56769,69,0,10,0,0,19581,13498,27,0,0,1,0.0,1
44091,56,1,5,1,25599,31512,4662,14,1,1,1,0.581,0
53369,33,1,11,1,14362,17603,23132,0,1,1,1,0.269,1
76351,52,2,8,1,0,29372,5344,27,0,0,0,0.0,1
29869,56,0,24,2,30651,20846,0,34,1,1,2,1.026,0
72797,57,1,9,2,9768,21880,16654,31,1,1,0,0.134,1
76342,46,0,2,2,8748,33682,0,27,0,0,0,0.115,1
47638,42,1,2,0,19502,28202,13215,8,0,0,0,0.409,1
7562,24,2,19,0,28713,4519,0,23,0,0,1,3.797,0
37843,51,2,22,3,16360,26057,13487,3,0,1,1,0.432,0
75939,38,1,15,0,15501,41991,0,2,0,1,0,0.204,1
49542,58,0,2,0,6637,27480,21674,21,1,0,0,0.134,1
30013,44,0,9,2,28509,19888,10564,39,0,1,1,0.95,0
39904,43,1,23,0,16476,21919,4836,38,1,1,1,0.413,1
66812,42,2,10,2,12294,40370,0,24,0,1,0,0.184,1
60934,22,3,7,1,10805,45632,37158,21,0,0,2,0.177,1
45221,51,0,5,0,27321,22643,0,33,1,1,2,0.604,1
42663,31,1,19,0,11852,21014,13944,19,1,1,0,0.278,1
42164,48,1,10,1,27352,12724,0,35,0,0,1,0.649,0
31551,66,0,20,0,9341,19142,66662,36,0,0,0,0.296,1
82307,52,0,11,0,23667,25917,12241,38,1,1,1,0.288,1
43553,25,2,15,3,17485,24044,779,26,0,0,1,0.401,1
74343,58,1,17,0,3590,52197,19086,31,0,1,0,0.048,1
80426,30,0,12,0,13956,46241,21250,28,0,0,1,0.174,1
69966,60,1,21,0,0,30422,15918,31,1,0,2,0.0,1
41367,66,1,2,1,6071,28670,5147,23,0,0,0,0.147,1
58074,44,1,14,2,0,25253,16607,2,0,0,0,0.0,1
49516,55,1,21,0,38970,33003,7669,26,0,0,0,0.787,1
31925,64,1,20,1,0,19318,9620,8,1,1,1,0.0,1
56487,68,0,13,0,46029,21747,0,39,0,0,1,0.815,0
26419,43,0,17,0,21171,19882,0,22,0,1,1,0.801,0
73753,37,1,13,0,8773,29524,18448,6,0,1,1,0.119,1
40707,21,1,4,0,24676,32353,19094,16,0,0,1,0.606,1
54023,51,2,20,2,7265,16404,29449,36,1,0,1,0.134,1
55665,51,0,13,0,0,24032,10727,6,1,1,1,0.0,1
44821,62,0,24,1,15948,17925,6763,29,1,0,1,0.356,1
61733,62,1,7,0,23400,18951,0,12,1,0,2,0.379,1
40501,73,0,22,0,30340,26981,9407,17,1,1,0,0.749,1
67425,54,1,14,0,20972,43604,15402,30,0,0,0,0.311,1
23080,29,1,14,2,8647,16067,0,21,1,0,0,0.375,0
52527,42,1,18,0,31635,22499,26035,13,0,1,2,0.602,1
88778,33,2,19,0,28955,46356,0,17,1,1,1,0.326,1
29993,45,0,5,0,18228,18882,7058,34,0,0,0,0.608,0
36445,68,2,18,2,29529,18947,18966,16,1,1,2,0.81,0
60278,38,2,24,3,41217,39100,9890,18,0,1,2,0.684,0
53591,71,0,7,0,8476,33064,31050,30,1,1,2,0.158,1
57012,32,3,5,1,4203,20371,19432,38,1,0,0,0.074,1
59783,60,4,19,3,8127,41281,7775,35,1,1,2,0.136,1
62694,37,1,22,1,0,41399,0,14,1,0,0,0.0,1
72193,35,2,14,1,22094,45331,24942,28,0,1,0,0.306,1
58196,62,1,2,1,0,21971,0,39,0,0,0,0.0,1
45174,35,0,9,0,30180,19605,22777,15,1,1,1,0.668,0
63451,35,4,14,2,6933,31509,17352,32,1,0,0,0.109,1
87997,59,1,23,1,31304,38715,7018,24,0,0,1,0.356,1
47347,33,5,15,2,0,19597,24299,15,0,1,2,0.0,1
30509,37,0,16,0,10377,21438,17815,29,0,0,0,0.34,1
72141,52,1,18,1,0,44663,14925,33,0,0,0,0.0,1
47592,29,0,10,0,31240,27733,0,1,0,1,0,0.656,1
6546,60,3,15,1,35148,2703,10597,39,0,1,2,5.369,0
66948,40,1,4,0,0,50816,0,37,0,0,0,0.0,1
39293,46,0,4,1,25390,15543,0,17,0,0,1,0.646,0
48189,47,0,13,0,27824,33610,4582,4,0,1,0,0.577,1
56639,41,1,17,0,18908,44367,31951,39,0,1,2,0.334,1
53809,38,1,7,1,22057,35704,15480,5,0,0,0,0.41,1
64189,33,7,4,1,21192,51122,16469,11,1,1,1,0.33,1
41290,36,0,6,0,25434,25827,21556,11,0,1,1,0.616,0
60262,29,0,15,0,1890,24630,0,11,1,0,2,0.031,1
44809,32,2,22,0,29405,18009,0,8,1,0,0,0.656,1
64776,64,2,13,1,17512,29944,0,21,0,0,1,0.27,1
62307,58,1,4,0,16792,18914,13466,15,0,1,0,0.269,1
31291,39,1,23,0,21799,20052,24800,3,0,0,2,0.697,0
71719,27,1,8,1,0,31149,23691,2,0,0,1,0.0,1
39280,55,2,3,2,0,27794,0,15,0,1,1,0.0,1
66161,68,0,3,0,13547,31729,30332,13,0,0,1,0.205,1
57345,38,3,15,0,33522,30965,40645,37,1,1,0,0.585,1
86763,36,1,23,1,775,67921,19114,3,0,0,0,0.009,1
45530,59,2,16,1,17101,19172,32309,1,1,1,1,0.376,1
43013,24,5,14,2,6399,28415,23097,9,0,0,2,0.149,1
49611,45,0,3,1,4788,33614,6554,10,1,0,0,0.097,1
43936,52,2,5,2,21008,18035,31,38,0,1,2,0.478,0
65998,60,2,15,2,24112,36331,0,25,0,1,0,0.365,1
17673,33,1,3,1,5549,8396,3328,36,0,1,2,0.314,1
28926,65,0,5,2,31647,19841,6447,25,1,1,0,1.094,0
28643,37,0,4,0,20070,17507,6779,3,0,1,0,0.701,0
69006,69,2,15,1,12099,37124,8311,25,1,1,1,0.175,1
84212,57,2,24,0,19170,58079,0,37,1,1,1,0.228,1
47911,26,3,15,1,39436,20006,21685,27,1,1,1,0.823,0
46623,39,2,9,0,24042,31554,23426,1,0,1,1,0.516,1
51401,33,1,8,4,6615,37660,15565,1,1,1,1,0.129,1
73237,46,2,3,0,14775,54144,0,15,1,0,0,0.202,1
31452,34,2,13,0,16575,21759,15504,22,0,0,0,0.527,0
54767,51,2,3,4,22984,27602,10339,22,0,0,0,0.42,0
69503,74,1,11,0,17874,54970,17117,12,1,1,1,0.257,1
60021,24,0,23,0,37743,29398,33266,20,1,1,1,0.629,1
53791,59,1,9,0,12279,33313,7322,38,0,1,1,0.228,1
70020,28,1,3,0,0,26645,12722,24,1,0,1,0.0,1
5000,45,1,17,1,17574,3951,0,36,0,0,0,3.514,0
63557,33,3,12,1,9706,41438,23825,12,0,1,1,0.153,1
36918,52,1,12,0,0,24981,20541,14,0,1,0,0.0,1
13387,58,2,13,1,6557,4456,13248,27,0,0,1,0.49,0
60224,58,1,17,0,10699,41055,0,2,1,1,0,0.178,1
77473,48,3,0,1,28677,53251,0,22,0,0,1,0.37,1
47251,73,1,20,3,0,30046,0,3,0,0,1,0.0,1
69057,50,2,15,0,19197,30796,0,2,0,1,1,0.278,1
82245,23,1,14,0,41645,44810,20640,38,0,1,1,0.506,1
76298,48,4,21,0,12901,27102,15936,7,1,1,0,0.169,1
82799,23,0,24,0,12549,44363,12395,24,1,0,0,0.152,1
64842,65,1,4,2,23637,27357,32264,11,0,0,1,0.365,1
51508,74,0,5,0,21266,24443,14567,4,1,0,2,0.413,1
17960,54,1,5,0,32010,6848,1342,32,0,0,0,1.782,0
45078,36,6,2,2,12994,18708,0,24,1,1,0,0.288,0
33135,42,0,15,1,23426,11209,6524,24,1,0,1,0.707,0
93418,52,3,11,0,23617,70993,3247,34,0,0,1,0.253,1
46482,58,1,3,0,10973,26271,24294,14,1,0,1,0.236,1
52464,28,2,0,0,13632,26146,16321,25,0,1,2,0.26,1
61029,28,1,3,2,14865,34634,5204,9,0,1,1,0.244,1
50872,26,1,0,1,147,31242,5775,23,0,1,0,0.003,1
83901,34,1,20,0,10335,63843,20548,34,1,0,0,0.123,1
37547,52,0,7,1,32953,14618,25164,28,0,0,1,0.878,0
53892,55,1,23,0,27452,24131,0,37,1,0,1,0.509,1
35150,30,1,4,2,8040,27694,7431,4,1,0,0,0.229,1
23599,23,5,1,1,14811,11459,11372,23,0,0,2,0.628,0
37764,32,0,11,3,26656,11755,18222,18,0,0,0,0.706,0
49259,69,3,21,0,20320,18414,11694,8,1,1,1,0.413,1
41413,51,1,16,0,24598,12969,16107,25,0,1,0,0.594,1
36151,49,2,6,0,21409,28738,6445,24,0,0,2,0.592,1
21873,25,2,10,2,17584,9611,0,34,1,1,1,0.804,0
48337,72,0,3,0,13009,36821,21762,35,1,0,0,0.269,1
19905,45,4,4,0,658,15883,22238,13,0,1,2,0.033,1
65201,61,0,5,1,23306,39115,19777,5,1,1,0,0.357,1
51648,51,1,10,0,12338,16351,22446,31,0,1,1,0.239,1
20848,41,3,0,1,0,7104,0,25,0,0,2,0.0,1
43815,40,1,24,1,8452,23694,2388,14,1,0,1,0.193,1
34956,59,0,9,0,25227,17585,26797,30,1,0,2,0.722,0
56383,42,2,19,1,0,34003,15343,36,0,0,2,0.0,1
76809,24,1,23,1,2645,39896,10842,37,0,1,2,0.034,1
12496,33,3,20,0,16645,9584,6221,36,1,1,0,1.332,0
52300,65,2,10,2,31868,29673,29018,18,0,1,0,0.609,0
46797,62,0,23,0,26999,30271,0,13,0,1,1,0.577,1
63426,70,1,16,0,33019,47458,14411,35,0,1,1,0.521,1
54263,69,2,7,0,17493,20263,9000,36,1,0,1,0.322,1
34960,40,1,12,1,12489,14503,0,10,0,0,0,0.357,0
43618,72,0,19,0,25119,15425,34249,26,0,1,2,0.576,1
34079,33,2,17,1,4207,12603,0,1,0,0,2,0.123,1
71520,37,1,21,2,3271,39786,11818,21,0,0,1,0.046,1
50426,74,2,15,2,1138,23225,17926,1,0,0,0,0.023,1
88023,56,3,1,0,28066,45031,0,19,0,1,0,0.319,1
48786,53,1,4,2,4985,38601,14158,16,0,1,0,0.102,1
35831,21,0,17,0,27007,13556,6632,3,1,0,1,0.754,0
19725,35,3,2,1,16781,11251,24820,13,0,1,2,0.851,0
13937,33,0,21,1,28220,4870,62705,6,0,1,0,2.025,0
18317,37,1,16,1,1735,8412,15078,14,1,1,1,0.095,1
55342,44,0,15,1,7493,31199,19060,29,1,1,1,0.135,1
60174,28,1,5,0,20447,46533,0,15,1,1,0,0.34,1
18376,70,0,18,2,9828,9107,13221,39,0,1,1,0.535,0
67900,47,1,6,1,0,22573,4404,1,0,0,1,0.0,1
40338,65,0,17,2,0,19930,21682,18,1,0,2,0.0,1
52935,43,1,13,1,1640,19737,0,0,1,0,1,0.031,1
82244,66,1,5,1,2530,34130,0,30,0,0,1,0.031,1
67936,28,1,7,0,23181,41376,27700,3,0,0,0,0.341,1
44629,28,0,14,0,19044,14893,13149,26,1,0,0,0.427,1
32176,46,2,14,0,16946,17129,29857,24,0,0,0,0.527,0
6963,67,1,14,1,39104,4210,15456,21,0,0,0,5.615,0
35616,33,2,15,0,29102,18197,17646,9,0,0,0,0.817,0
45777,59,2,0,0,24621,14170,5357,32,1,1,0,0.538,0
30256,57,2,10,0,0,23985,7095,29,1,1,1,0.0,1
47374,69,2,24,2,15714,22908,24466,29,1,1,1,0.332,1
51537,48,1,4,1,18584,35523,7851,15,0,0,0,0.361,0
45502,45,2,4,4,10017,21059,27753,8,0,0,0,0.22,0
36999,36,1,20,2,35476,19887,8352,16,0,0,1,0.959,0
53373,22,0,5,0,15614,26378,0,34,1,0,0,0.293,1
58838,74,1,1,0,259,27728,0,14,1,1,1,0.004,1
28192,38,3,5,1,3031,8765,7423,27,1,0,1,0.108,1
78218,37,3,13,0,42388,37545,23736,19,0,1,0,0.542,1
48028,50,1,10,1,9958,35768,23,32,1,1,0,0.207,1
50376,59,0,3,2,0,32502,20976,32,0,0,0,0.0,1
64164,33,4,23,1,7807,23914,11511,35,0,1,0,0.122,1
54664,52,3,24,1,0,32556,19093,12,0,0,2,0.0,1
69062,70,2,8,1,26007,51528,5654,3,0,0,0,0.377,1
55742,49,1,23,0,0,36233,12745,22,1,1,1,0.0,1
37751,66,3,2,1,0,14131,24081,7,0,1,1,0.0,1
57230,50,2,15,0,15047,42002,9742,12,1,1,0,0.263,1
27125,38,1,10,0,28312,12227,2127,23,0,1,0,1.044,0
52171,33,0,3,0,14166,27496,0,39,0,0,2,0.272,1
49335,63,2,0,0,0,27779,18122,29,0,0,2,0.0,1
45837,41,1,24,0,17190,33243,0,29,0,0,0,0.375,1
47429,50,0,20,2,9386,36321,2191,24,0,0,0,0.198,1
12363,41,3,21,1,28592,9455,0,32,0,0,1,2.313,0
39025,68,0,15,0,25257,11862,6548,8,0,1,0,0.647,1
51856,37,2,18,0,8554,39459,41463,25,1,1,0,0.165,1
53197,60,0,15,1,24357,17405,15280,23,1,1,0,0.458,1
29446,39,2,10,2,18254,12746,337,32,1,1,0,0.62,0
75314,72,1,7,2,31401,41987,3155,38,0,0,0,0.417,1
32676,35,1,22,0,23846,17643,0,24,0,1,1,0.73,0
69389,29,2,0,1,21563,41796,0,14,0,0,1,0.311,1
58543,72,1,20,0,30935,31597,0,5,1,0,1,0.528,1
37075,30,1,8,0,15184,28443,14054,19,0,1,0,0.41,1
85506,64,1,11,1,5722,35935,16700,15,0,0,1,0.067,1
26127,51,2,21,0,17410,11417,11163,20,0,1,1,0.666,0
68383,73,3,7,2,10735,51996,15547,14,0,1,0,0.157,1
70011,43,3,16,2,22250,23689,0,38,1,1,0,0.318,1
36587,72,1,9,0,15743,22127,0,3,0,1,0,0.43,1
77849,50,1,6,1,19835,49890,0,23,0,1,0,0.255,1
44999,53,1,18,0,550,24874,0,2,1,0,2,0.012,1
55773,72,2,24,1,21099,36091,15380,0,0,0,1,0.378,1
55206,29,3,5,0,0,21330,40205,29,0,0,0,0.0,1
47313,74,0,20,0,26541,34364,0,12,0,0,1,0.561,1
66216,67,1,23,0,26559,24500,4870,17,1,1,0,0.401,1
65869,21,2,23,2,19175,32961,13043,39,1,0,0,0.291,1
15029,64,1,18,2,18721,5074,5814,10,1,1,0,1.246,0
76086,55,1,17,1,12316,43567,14994,28,1,1,1,0.162,1
16750,31,1,14,1,7761,10634,1369,3,0,0,0,0.463,0
70650,54,2,1,1,14820,54443,0,24,0,0,0,0.21,1
72534,36,1,13,2,38792,48573,7264,35,0,0,0,0.535,1
28180,29,2,20,0,17751,16078,14898,35,1,0,0,0.63,0
41783,52,0,9,1,0,32018,29237,39,0,1,1,0.0,1
27885,35,0,15,0,0,15036,15649,27,1,0,2,0.0,1
45701,32,1,6,1,0,26534,6217,7,1,1,1,0.0,1
43839,53,1,7,0,10468,26217,22461,20,1,0,1,0.239,1
65593,65,2,9,0,30189,33123,25001,34,0,1,2,0.46,1
76206,34,3,14,0,2718,54810,5449,17,0,1,0,0.036,1
77913,28,2,7,2,32060,30587,7810,24,0,0,0,0.411,1
38756,28,1,12,1,17153,22378,3593,4,0,0,1,0.443,0
45815,47,1,11,1,20801,30289,22313,7,1,1,0,0.454,1
16331,32,1,7,2,20472,12280,11112,22,0,1,1,1.253,0
33882,21,1,14,1,22087,25139,0,2,1,0,0,0.652,0
69297,63,2,11,0,10063,38416,16092,36,1,0,0,0.145,1
82311,60,2,10,0,0,51162,32344,30,0,0,1,0.0,1
25313,62,1,18,0,7939,12583,33529,28,0,0,2,0.314,1
38150,71,0,13,0,4345,20375,2813,19,0,0,0,0.114,1
49471,31,3,17,0,18726,37258,0,2,0,0,0,0.379,1
55603,59,1,12,0,17630,42555,38468,22,0,1,1,0.317,1
33807,63,1,3,0,11731,25277,33500,39,0,0,0,0.347,1
58481,51,2,16,2,36066,21590,17009,20,0,0,0,0.617,1
40523,37,0,18,0,7311,29380,0,12,1,0,0,0.18,1
49710,53,1,8,0,0,38484,905,7,0,1,1,0.0,1
60925,52,1,22,2,16433,29282,0,4,0,0,2,0.27,1
50128,49,3,6,0,29270,28037,37185,24,0,1,1,0.584,1
41272,41,3,0,1,18445,28459,0,38,1,1,0,0.447,1
47807,41,2,6,2,10720,27777,37054,36,1,0,0,0.224,1
48232,60,2,6,1,17885,38428,8417,4,0,0,0,0.371,1
42599,43,1,19,0,37066,22486,0,7,1,1,2,0.87,1
44824,26,1,6,2,4498,29448,24801,3,1,1,1,0.1,1
81972,42,1,7,0,15370,57076,19442,21,1,1,0,0.188,1
61218,70,0,15,2,23039,33489,0,13,0,1,1,0.376,1
44090,58,1,2,0,18046,32119,9621,18,1,1,1,0.409,1
63939,57,1,12,0,12025,36641,30633,12,0,0,2,0.188,1
43323,65,1,9,2,9884,21913,3851,34,1,1,2,0.228,1
73462,71,3,17,1,11577,25999,35195,3,0,1,0,0.158,1
57392,74,2,6,0,21384,28506,0,32,1,0,1,0.373,1
47853,28,0,20,0,20685,31916,0,21,1,1,1,0.432,1
58954,61,5,20,1,40136,44842,10678,0,0,1,0,0.681,1
18582,69,0,4,2,0,7912,0,10,1,0,1,0.0,1
27464,55,0,22,0,36094,13117,11873,15,0,0,1,1.314,0
26121,71,6,24,1,12546,9847,10077,3,0,0,0,0.48,0
52858,31,2,23,1,13912,34112,0,28,0,0,1,0.263,1
84650,44,2,21,1,25304,66034,38180,38,1,0,1,0.299,1
94626,69,0,6,2,25228,58713,9940,37,0,0,0,0.267,1
62761,41,3,24,1,28879,38192,22965,23,0,0,0,0.46,1
60016,71,0,21,0,31497,34613,23930,8,1,0,1,0.525,1
13978,22,0,16,0,14522,4811,36415,7,1,1,0,1.039,0
39146,60,0,3,0,31651,26022,0,13,1,0,2,0.809,0
34244,39,0,23,3,7450,20581,0,14,0,0,0,0.218,0
37583,59,2,22,0,11336,23705,35860,21,0,0,0,0.302,1
46637,48,0,15,1,12815,34950,18716,36,0,1,0,0.275,1
40558,37,0,18,0,8680,28065,11894,14,1,0,1,0.214,1
10414,26,3,9,1,15718,7190,8000,5,0,0,1,1.509,0
64958,39,1,2,1,25757,49601,5340,0,0,0,1,0.397,1
28545,58,1,2,1,22816,22692,22917,19,1,1,0,0.799,0
54784,48,0,16,0,7641,32357,0,35,0,1,2,0.139,1
91481,22,1,9,2,6653,32424,17159,1,0,0,0,0.073,1
31612,58,3,16,2,4735,16740,25469,5,0,0,0,0.15,1
5000,57,2,21,4,16065,3469,21148,1,0,0,0,3.212,0
44279,71,0,16,1,0,13897,8929,2,0,0,0,0.0,1
72019,72,2,20,0,4312,23654,9960,6,0,1,0,0.06,1
89166,24,2,3,1,9494,29743,29285,19,1,0,0,0.106,1
25409,42,1,20,1,27664,16910,18728,4,0,1,0,1.089,0
59933,46,1,22,0,13413,32998,36327,24,0,0,2,0.224,1
40693,69,1,5,0,27070,19713,0,37,1,1,0,0.665,0
47881,63,2,11,1,17250,16892,23600,17,1,0,1,0.36,1
102886,56,1,24,0,9308,68534,0,0,1,0,1,0.09,1
19940,33,0,21,0,9802,9182,8906,24,1,1,0,0.492,0
55074,72,1,24,1,1007,23828,30640,16,1,0,1,0.018,1
59353,52,1,19,1,43838,37164,0,14,0,1,1,0.739,1
71715,37,0,16,1,28326,41559,41734,4,1,1,0,0.395,1
51959,61,1,16,0,22244,25002,26584,16,0,0,2,0.428,1
56161,56,2,9,2,0,34861,18688,20,0,1,1,0.0,1
42167,66,0,6,0,9580,18368,0,22,0,0,2,0.227,1
55382,39,2,15,0,3295,38624,7304,9,0,0,2,0.059,1
43136,55,1,12,0,16530,17886,4624,16,0,1,0,0.383,1
62431,66,4,2,0,3872,23687,0,0,0,1,0,0.062,1
42607,60,2,1,1,6956,29450,26406,36,0,0,0,0.163,1
57542,48,3,15,1,4186,37629,3934,6,1,1,2,0.073,1
49414,21,2,5,0,12122,19336,7366,11,1,1,2,0.245,1
72521,62,2,5,1,15857,25971,8124,39,0,0,1,0.219,1
48972,38,0,12,1,12440,35220,6787,0,1,1,0,0.254,1
14539,68,4,6,0,33394,10007,17956,19,0,1,0,2.297,0
75238,60,0,4,2,24733,34882,659,30,1,1,2,0.329,1
31885,53,1,23,0,5603,20058,25274,3,0,0,2,0.176,1
36924,32,1,6,3,18907,13369,1060,25,0,1,0,0.512,0
38086,28,1,1,1,6592,21081,9572,11,0,0,0,0.173,1
77488,44,1,16,0,10258,23972,0,21,0,1,0,0.132,1
7286,36,0,12,1,20750,3612,26074,0,0,1,0,2.848,0
112754,70,0,24,0,22987,38045,29887,0,0,0,2,0.204,1
71121,24,1,20,0,7950,38232,20738,2,0,0,1,0.112,1
54464,58,0,20,0,1741,27822,12556,11,0,1,1,0.032,1
48902,64,0,15,2,16052,25536,9457,20,0,1,1,0.328,1
55711,47,1,19,2,20215,17976,0,12,1,0,0,0.363,1
60422,29,1,1,0,7340,29051,0,12,0,0,0,0.121,1
62904,67,2,4,2,24798,42664,21257,17,0,1,1,0.394,1
61112,36,3,17,0,22671,29606,7288,32,1,0,1,0.371,1
51791,32,2,6,0,7165,34057,0,5,1,0,0,0.138,1
46053,51,1,10,1,28561,22323,0,24,0,1,0,0.62,0
46974,44,1,24,1,28928,24032,19523,22,1,0,0,0.616,1
46101,34,0,24,1,39812,26828,23109,23,0,0,0,0.864,0
72675,65,1,10,2,35541,56347,0,36,0,0,1,0.489,0
61871,45,1,21,1,4168,21928,12280,25,0,1,1,0.067,1
5000,54,1,16,2,26099,1582,15818,3,1,0,1,5.219,0
63118,23,2,15,0,25555,38121,1245,37,0,1,2,0.405,1
53894,44,0,12,0,10818,41743,28595,34,1,1,1,0.201,1
49625,74,2,21,3,20459,39445,4828,10,0,0,0,0.412,1
42229,62,4,4,0,0,22891,0,35,1,1,0,0.0,1
72482,29,2,19,1,0,38708,7080,24,0,0,2,0.0,1
68950,46,1,15,1,0,42920,30519,19,0,1,1,0.0,1
34542,40,1,21,0,19671,19958,4818,0,0,0,0,0.569,0
58141,60,1,21,3,20238,35875,0,29,1,1,1,0.348,1
30566,30,4,15,0,11713,22527,19423,3,0,0,1,0.383,1
22407,39,1,15,1,35654,15083,13876,22,1,0,2,1.591,0
37465,23,1,13,1,26844,20547,9956,34,1,1,2,0.716,0
67247,44,0,5,3,0,35703,17156,21,0,0,1,0.0,1
69062,25,1,1,0,12936,42804,0,30,1,1,1,0.187,1
60261,23,1,13,4,3723,31808,999,0,1,0,0,0.062,1
64501,47,1,15,1,19967,34113,20912,3,0,0,1,0.31,1
60323,36,1,22,0,14633,18588,0,18,0,1,1,0.243,1
37170,69,1,19,0,4404,14385,34223,29,0,0,1,0.118,1
58638,35,1,12,0,35333,31914,28440,0,0,1,1,0.603,1
66008,55,2,14,0,15688,46953,0,18,0,0,2,0.238,1
65085,32,0,11,0,10007,28595,32137,20,0,0,0,0.154,1
73778,61,2,8,0,11962,41413,12282,21,1,1,0,0.162,1
64166,73,1,17,0,34424,30317,30771,1,0,0,1,0.536,1
57028,64,1,20,0,25935,20096,12001,5,1,0,2,0.455,1
71403,46,1,13,0,13051,55633,7342,20,0,1,2,0.183,1
49469,67,1,19,1,3094,35980,5778,32,0,0,1,0.063,1
32362,54,3,24,0,4965,10978,0,18,1,0,2,0.153,1
46738,43,2,3,2,9214,30842,23906,26,1,1,1,0.197,1
35101,51,3,7,3,21085,16630,0,36,0,1,0,0.601,0
